year,gap_class,intervals,estimated_missing_slots
2017,under_5min,129,0
2017,exact_5min,5211090,0
2017,5_to_10min,16797,16797
2017,10_to_30min,23169,68890
2017,30_to_60min,2853,21332
2017,1_to_24h,1739,90307
2017,1_to_7d,242,130132
2017,over_7d,25,129616
2018,under_5min,0,0
2018,exact_5min,4480750,0
2018,5_to_10min,57040,57040
2018,10_to_30min,51291,112305
2018,30_to_60min,1817,14107
2018,1_to_24h,2906,95089
2018,1_to_7d,320,321169
2018,over_7d,66,492580
2019,under_5min,0,0
2019,exact_5min,5020480,0
2019,5_to_10min,3686,3686
2019,10_to_30min,1353,4178
2019,30_to_60min,341,2480
2019,1_to_24h,590,64776
2019,1_to_7d,330,311224
2019,over_7d,28,162837
2020,under_5min,0,0
2020,exact_5min,6326307,0
2020,5_to_10min,4527,4527
2020,10_to_30min,1269,3625
2020,30_to_60min,356,2755
2020,1_to_24h,1646,278875
2020,1_to_7d,270,173667
2020,over_7d,18,116693
2021,under_5min,0,0
2021,exact_5min,7038064,0
2021,5_to_10min,3665,3665
2021,10_to_30min,1457,4257
2021,30_to_60min,519,4243
2021,1_to_24h,686,38666
2021,1_to_7d,165,178323
2021,over_7d,14,50743
2022,under_5min,0,0
2022,exact_5min,7127853,0
2022,5_to_10min,2869,2869
2022,10_to_30min,1073,3026
2022,30_to_60min,361,3243
2022,1_to_24h,952,78090
2022,1_to_7d,43,31414
2022,over_7d,7,20684
2023,under_5min,0,0
2023,exact_5min,6738232,0
2023,5_to_10min,2321,2321
2023,10_to_30min,843,2456
2023,30_to_60min,561,4896
2023,1_to_24h,736,50575
2023,1_to_7d,38,28912
2023,over_7d,85,333798
2024,under_5min,0,0
2024,exact_5min,6399711,0
2024,5_to_10min,3618,3618
2024,10_to_30min,1248,3758
2024,30_to_60min,636,5243
2024,1_to_24h,900,57089
2024,1_to_7d,52,48027
2024,over_7d,25,109261
