year,station_id,prev_ts,ts,gap_seconds,estimated_missing_slots
2017,S60,2017-03-20 21:59:59,2017-08-31 10:05:00,14126701,47089
2017,S122,2017-11-13 16:35:00,2017-12-05 14:25:00,1893000,6309
2017,S104,2017-07-23 17:00:00,2017-08-10 11:20:00,1534800,5115
2017,S36,2017-06-22 23:00:00,2017-07-10 16:15:00,1530900,5102
2017,S90,2017-04-18 03:14:59,2017-05-03 21:30:00,1361701,4539
2017,S91,2017-04-18 00:59:59,2017-05-03 14:50:00,1345801,4486
2017,S69,2017-04-07 04:24:59,2017-04-21 13:24:59,1242000,4139
2017,S36,2017-04-08 22:09:59,2017-04-22 15:29:59,1185600,3951
2017,S121,2017-04-21 08:39:59,2017-05-04 19:25:00,1161901,3873
2017,S91,2017-05-24 15:15:00,2017-06-06 17:25:00,1131000,3769
2017,S60,2017-11-08 09:40:00,2017-11-21 00:10:00,1089000,3629
2017,S71,2017-05-21 18:00:00,2017-06-02 15:10:00,1026600,3421
2017,S08,2017-06-22 23:10:00,2017-07-04 17:10:00,1015200,3383
2017,S84,2017-06-21 18:45:00,2017-07-03 11:10:00,1009500,3364
2017,S72,2017-02-07 06:29:59,2017-02-18 18:29:59,993600,3311
2017,S69,2017-04-23 15:59:59,2017-05-03 14:30:00,858601,2862
2017,S36,2017-04-24 00:59:59,2017-05-03 14:30:00,826201,2754
2017,S121,2017-04-10 20:19:59,2017-04-19 14:49:59,757800,2525
2017,S117,2017-11-06 00:00:00,2017-11-14 14:10:00,742200,2473
2017,S44,2017-12-12 12:00:00,2017-12-20 15:25:00,703500,2344
2018,S108,2018-08-03 07:55:00,2018-09-02 08:25:00,2593800,8645
2018,S36,2018-08-03 07:55:00,2018-09-01 14:25:00,2529000,8429
2018,S111,2018-08-03 07:55:00,2018-09-01 08:00:00,2505900,8352
2018,S107,2018-08-03 07:55:00,2018-09-01 08:00:00,2505900,8352
2018,S900,2018-08-03 07:55:00,2018-09-01 08:00:00,2505900,8352
2018,S50,2018-08-03 07:55:00,2018-09-01 08:00:00,2505900,8352
2018,S46,2018-08-03 07:55:00,2018-09-01 08:00:00,2505900,8352
2018,S91,2018-08-03 07:55:00,2018-09-01 08:00:00,2505900,8352
2018,S82,2018-08-03 07:55:00,2018-09-01 08:00:00,2505900,8352
2018,S71,2018-08-03 07:55:00,2018-09-01 08:00:00,2505900,8352
2018,S100,2018-08-03 07:55:00,2018-09-01 08:00:00,2505900,8352
2018,S101,2018-08-03 07:55:00,2018-09-01 08:00:00,2505900,8352
2018,S117,2018-08-03 07:55:00,2018-09-01 08:00:00,2505900,8352
2018,S122,2018-08-03 07:55:00,2018-09-01 08:00:00,2505900,8352
2018,S44,2018-08-03 07:55:00,2018-09-01 08:00:00,2505900,8352
2018,S35,2018-08-03 07:55:00,2018-09-01 08:00:00,2505900,8352
2018,S69,2018-08-03 07:55:00,2018-09-01 08:00:00,2505900,8352
2018,S60,2018-08-03 07:55:00,2018-09-01 08:00:00,2505900,8352
2018,S121,2018-08-03 07:55:00,2018-09-01 08:00:00,2505900,8352
2018,S112,2018-08-03 07:55:00,2018-09-01 08:00:00,2505900,8352
2019,S91,2019-01-17 18:50:00,2019-07-01 12:15:00,14232300,47440
2019,S71,2019-03-05 13:00:00,2019-05-23 11:05:00,6818700,22728
2019,S115,2019-04-17 16:05:00,2019-05-09 10:35:00,1881000,6269
2019,S71,2019-01-20 16:05:00,2019-02-08 15:20:00,1638900,5462
2019,S84,2019-04-13 16:10:00,2019-05-02 11:50:00,1626000,5419
2019,S114,2019-05-27 11:40:00,2019-06-14 11:45:00,1555500,5184
2019,S106,2019-04-20 08:30:00,2019-05-07 11:25:00,1479300,4930
2019,S71,2019-02-12 09:40:00,2019-03-01 10:50:00,1473000,4909
2019,S109,2019-01-09 07:25:00,2019-01-24 12:30:00,1314300,4380
2019,S69,2019-05-15 17:30:00,2019-05-30 12:50:00,1279200,4263
2019,S109,2019-01-28 01:55:00,2019-02-11 14:20:00,1254300,4180
2019,S69,2019-05-30 13:25:00,2019-06-13 12:05:00,1204800,4015
2019,S84,2019-03-21 00:15:00,2019-04-03 11:25:00,1163400,3877
2019,S108,2019-01-17 08:00:00,2019-01-30 09:45:00,1129500,3764
2019,S114,2019-05-16 13:35:00,2019-05-27 11:15:00,942000,3139
2019,S11,2019-01-31 11:05:00,2019-02-11 06:30:00,933900,3112
2019,S109,2019-04-05 02:25:00,2019-04-15 15:40:00,911700,3038
2019,S84,2019-03-02 00:05:00,2019-03-12 09:10:00,896700,2988
2019,S69,2019-03-23 04:30:00,2019-04-02 11:35:00,889500,2964
2019,S69,2019-04-29 10:55:00,2019-05-08 13:20:00,786300,2620
2020,S205,2020-06-23 09:45:00,2020-10-06 13:50:00,9086700,30288
2020,S122,2020-09-23 10:30:00,2020-12-01 13:50:00,5973600,19911
2020,S60,2020-04-17 06:05:00,2020-06-11 15:55:00,4787400,15957
2020,S69,2020-07-22 18:20:00,2020-08-17 12:30:00,2225400,7417
2020,S122,2020-02-13 01:15:00,2020-03-06 11:45:00,1938600,6461
2020,S82,2020-11-18 13:25:00,2020-12-04 11:30:00,1375500,4584
2020,S36,2020-10-22 20:00:00,2020-11-06 15:05:00,1278300,4260
2020,S106,2020-11-30 04:25:00,2020-12-11 13:10:00,981900,3272
2020,S116,2020-08-08 08:55:00,2020-08-18 15:35:00,888000,2959
2020,S107,2020-04-27 03:00:00,2020-05-06 11:35:00,808500,2694
2020,S108,2020-06-21 06:50:00,2020-06-30 11:40:00,795000,2649
2020,S29,2020-07-29 10:00:00,2020-08-07 10:45:00,780300,2600
2020,S122,2020-04-25 10:15:00,2020-05-04 10:30:00,778500,2594
2020,S109,2020-03-08 21:55:00,2020-03-17 14:30:00,750900,2502
2020,S109,2020-12-20 10:25:00,2020-12-28 13:35:00,702600,2341
2020,S115,2020-12-07 06:55:00,2020-12-14 12:50:00,626100,2086
2020,S35,2020-05-21 11:05:00,2020-05-28 15:40:00,621300,2070
2020,S215,2020-06-08 10:05:00,2020-06-15 12:50:00,614700,2048
2020,S116,2020-05-21 14:00:00,2020-05-28 13:50:00,604200,2013
2020,S214,2020-08-13 15:00:00,2020-08-20 14:30:00,603000,2009
2021,S36,2021-01-26 18:50:00,2021-02-24 13:05:00,2484900,8282
2021,S106,2021-02-11 08:00:00,2021-03-05 11:35:00,1913700,6378
2021,S122,2021-05-12 01:55:00,2021-06-01 14:40:00,1773900,5912
2021,S104,2021-05-22 14:45:00,2021-06-04 14:30:00,1122300,3740
2021,S36,2021-09-30 14:05:00,2021-10-12 14:05:00,1036800,3455
2021,S122,2021-04-23 16:20:00,2021-05-04 14:35:00,944100,3146
2021,S123,2021-03-13 10:05:00,2021-03-23 13:25:00,876000,2919
2021,S36,2021-03-13 01:25:00,2021-03-22 17:15:00,834600,2781
2021,S36,2021-10-14 02:25:00,2021-10-23 15:35:00,825000,2749
2021,S122,2021-07-07 04:25:00,2021-07-15 10:35:00,713400,2377
2021,S104,2021-09-19 07:55:00,2021-09-27 12:10:00,706500,2354
2021,S50,2021-04-15 16:20:00,2021-04-23 11:40:00,674400,2247
2021,S36,2021-03-23 23:30:00,2021-03-31 15:30:00,662400,2207
2021,S100,2021-04-15 21:25:00,2021-04-23 12:30:00,659100,2196
2021,S104,2021-03-12 16:10:00,2021-03-19 12:20:00,591000,1969
2021,S36,2021-12-22 16:45:00,2021-12-29 11:20:00,585300,1950
2021,S36,2021-01-12 16:10:00,2021-01-19 10:35:00,584700,1948
2021,S36,2021-07-09 03:35:00,2021-07-15 16:30:00,564900,1882
2021,S36,2021-11-05 03:20:00,2021-11-11 13:50:00,556200,1853
2021,S226,2021-09-11 04:30:00,2021-09-17 12:50:00,548400,1827
2022,S102,2022-10-11 14:30:00,2022-10-25 11:20:00,1198200,3993
2022,S36,2022-05-11 20:00:00,2022-05-25 14:25:00,1189500,3964
2022,S102,2022-09-30 16:30:00,2022-10-10 23:35:00,889500,2964
2022,S121,2022-01-30 03:25:00,2022-02-08 14:40:00,818100,2726
2022,S109,2022-08-21 23:55:00,2022-08-31 10:30:00,815700,2718
2022,S102,2022-09-22 22:05:00,2022-09-30 16:30:00,671100,2236
2022,S108,2022-10-20 04:20:00,2022-10-27 10:00:00,625200,2083
2022,S210,2022-08-31 07:45:00,2022-09-06 14:10:00,541500,1804
2022,S104,2022-08-19 07:55:00,2022-08-25 11:35:00,531600,1771
2022,S61,2022-10-06 15:05:00,2022-10-12 11:25:00,505200,1683
2022,S121,2022-11-24 21:25:00,2022-11-30 11:00:00,480900,1602
2022,S116,2022-02-24 08:00:00,2022-03-01 13:25:00,451500,1504
2022,S116,2022-06-16 15:00:00,2022-06-21 11:50:00,420600,1401
2022,S120,2022-10-15 00:25:00,2022-10-19 11:25:00,385200,1283
2022,S108,2022-11-06 02:55:00,2022-11-10 11:45:00,377400,1257
2022,S35,2022-02-24 04:25:00,2022-02-28 08:55:00,361800,1205
2022,S109,2022-03-21 15:55:00,2022-03-25 11:50:00,330900,1102
2022,S115,2022-06-06 20:30:00,2022-06-10 12:55:00,318300,1060
2022,S115,2022-05-23 06:55:00,2022-05-26 13:40:00,283500,944
2022,S109,2022-06-17 14:30:00,2022-06-20 16:15:00,265500,884
2023,S36,2023-03-01 16:50:00,2023-07-15 14:55:00,11743500,39144
2023,S102,2023-02-28 12:55:00,2023-05-18 12:40:00,6824700,22748
2023,S36,2023-09-27 11:30:00,2023-11-30 11:50:00,5530800,18435
2023,S33,2023-02-28 17:35:00,2023-04-13 19:40:00,3809100,12696
2023,S44,2023-08-14 16:55:00,2023-09-19 20:00:00,3121500,10404
2023,S24,2023-01-01 07:55:00,2023-02-03 15:45:00,2879400,9597
2023,S109,2023-03-03 08:40:00,2023-03-28 18:10:00,2194200,7313
2023,S116,2023-07-19 10:25:00,2023-08-03 19:30:00,1328700,4428
2023,S36,2023-08-07 19:00:00,2023-08-22 10:35:00,1265700,4218
2023,S07,2023-07-20 05:30:00,2023-08-03 19:30:00,1260000,4199
2023,S44,2023-07-20 13:25:00,2023-08-03 19:30:00,1231500,4104
2023,S111,2023-08-17 21:55:00,2023-08-31 15:35:00,1186800,3955
2023,S108,2023-01-01 00:55:00,2023-01-12 10:30:00,984900,3282
2023,S36,2023-01-21 16:25:00,2023-02-01 10:30:00,929100,3096
2023,S36,2023-08-30 14:50:00,2023-09-09 13:30:00,859200,2863
2023,S36,2023-01-01 07:45:00,2023-01-10 10:55:00,789000,2629
2023,S219,2023-01-01 07:55:00,2023-01-10 10:55:00,788400,2627
2023,S113,2023-01-01 07:55:00,2023-01-10 10:55:00,788400,2627
2023,S205,2023-01-01 07:55:00,2023-01-10 10:55:00,788400,2627
2023,S69,2023-01-01 07:55:00,2023-01-10 10:55:00,788400,2627
2024,S112,2024-10-28 10:00:00,2024-12-10 09:05:00,3711900,12372
2024,S123,2024-10-28 15:20:00,2024-12-04 08:50:00,3173400,10577
2024,S94,2024-11-12 10:50:00,2024-12-10 09:00:00,2412600,8041
2024,S40,2024-10-14 22:00:00,2024-11-07 15:15:00,2049300,6830
2024,S92,2024-11-18 10:00:00,2024-12-10 08:50:00,1896600,6321
2024,S203,2024-08-03 20:05:00,2024-08-21 12:40:00,1528500,5094
2024,S123,2024-09-28 11:10:00,2024-10-15 15:15:00,1483500,4944
2024,S120,2024-03-13 23:10:00,2024-03-27 14:10:00,1177200,3923
2024,S116,2024-05-16 21:35:00,2024-05-30 11:15:00,1172400,3907
2024,S117,2024-08-01 02:20:00,2024-08-14 13:30:00,1163400,3877
2024,S33,2024-08-01 02:45:00,2024-08-14 13:30:00,1161900,3872
2024,S08,2024-10-10 14:20:00,2024-10-23 19:55:00,1143300,3810
2024,S71,2024-10-17 09:25:00,2024-10-29 09:20:00,1036500,3454
2024,S215,2024-02-10 11:40:00,2024-02-21 16:40:00,968400,3227
2024,S115,2024-06-16 08:05:00,2024-06-27 11:20:00,962100,3206
2024,S60,2024-03-15 18:20:00,2024-03-26 17:30:00,947400,3157
2024,S66,2024-10-01 10:35:00,2024-10-11 09:15:00,859200,2863
2024,S60,2024-08-05 02:10:00,2024-08-14 13:30:00,818400,2727
2024,S69,2024-08-05 02:35:00,2024-08-14 13:30:00,816900,2722
2024,S79,2024-08-05 03:20:00,2024-08-14 13:30:00,814200,2713
