year,month,gaps_over_5min,estimated_missing_slots
2017,12,4380,28890
2017,10,4880,21683
2017,3,2048,12521
2017,1,2523,10251
2017,6,4513,56390
2017,9,4414,24327
2017,7,2466,47406
2017,11,4195,37899
2017,8,4408,73799
2017,5,7440,72679
2017,2,1924,13761
2017,4,1634,57468
2018,12,534,29219
2018,10,648,13181
2018,1,4295,37115
2018,3,72166,139146
2018,6,875,15174
2018,9,661,475189
2018,7,1013,8761
2018,11,501,24369
2018,8,45,1647
2018,5,479,20795
2018,2,8005,174767
2018,4,24218,152927
2019,12,466,26833
2019,10,288,9104
2019,1,428,28307
2019,3,545,26458
2019,6,827,33594
2019,9,354,11521
2019,7,1046,133598
2019,11,218,100010
2019,8,787,13950
2019,5,465,65467
2019,2,419,34683
2019,4,485,65656
2020,12,612,44705
2020,10,781,51472
2020,1,404,17938
2020,3,488,21926
2020,6,545,88029
2020,9,728,15395
2020,7,810,83132
2020,11,759,19471
2020,8,1407,191320
2020,5,785,25602
2020,2,258,8971
2020,4,509,12181
2021,10,441,9954
2021,1,767,97666
2021,3,754,23972
2021,6,378,20402
2021,9,529,16036
2021,7,325,14617
2021,11,335,11379
2021,8,977,20265
2021,5,264,21787
2021,2,790,14347
2021,4,396,15637
2021,12,550,13835
2022,12,518,12127
2022,10,357,18998
2022,1,738,15005
2022,3,339,11905
2022,9,551,12016
2022,6,265,8959
2022,7,480,4509
2022,11,347,12252
2022,8,446,12264
2022,5,483,8513
2022,2,506,15921
2022,4,275,6857
2023,12,745,4019
2023,10,348,18379
2023,3,482,10895
2023,1,345,196898
2023,6,186,3567
2023,9,185,19123
2023,7,485,46288
2023,11,415,23103
2023,8,244,25823
2023,5,226,24405
2023,2,473,25806
2023,4,450,24652
2024,12,292,44537
2024,10,340,19098
2024,3,238,11320
2024,1,336,9497
2024,6,470,10261
2024,9,444,12932
2024,7,2226,14381
2024,11,402,23125
2024,8,840,51708
2024,5,341,13141
2024,2,195,12412
2024,4,355,4584
