year,station_id,observed_unique,first_ts,last_ts,gaps_over_5min,estimated_missing_slots,max_gap_seconds,expected_slots_span,coverage_span_approx
2017,S11,102872,2017-01-01 08:04:59,2017-12-31 23:55:00,598,2153,88800,105023,0.9795187720784971
2017,S117,100310,2017-01-01 08:04:59,2017-12-31 23:55:00,488,4715,742200,105023,0.9551241156699009
2017,S118,94766,2017-01-01 08:04:59,2017-12-31 23:55:00,1116,10258,144900,105023,0.9023356788512993
2017,S46,99637,2017-01-01 08:04:59,2017-12-31 23:55:00,599,5388,272100,105023,0.9487159955438332
2017,S61,103211,2017-01-01 08:04:59,2017-12-31 23:55:00,529,1814,88800,105023,0.9827466364510631
2017,S82,14818,2017-11-08 10:35:00,2017-12-31 23:55:00,121,607,85200,15425,0.9606482982171799
2017,S121,89395,2017-01-01 08:04:59,2017-12-31 23:55:00,1092,15629,1161901,105023,0.8511945002523257
2017,S71,95421,2017-01-01 08:04:59,2017-12-31 23:55:00,821,9604,1026600,105023,0.9085724079487351
2017,S81,102398,2017-01-01 08:04:59,2017-12-31 23:55:00,511,2627,216900,105023,0.9750054749911924
2017,S900,99741,2017-01-01 08:04:59,2017-12-31 23:55:00,804,5284,199800,105023,0.9497062548203726
2017,S113,100933,2017-01-01 08:04:59,2017-12-31 23:55:00,447,4092,539100,105023,0.9610561496053246
2017,S44,82444,2017-01-01 08:04:59,2017-12-31 23:55:00,1473,22580,703500,105023,0.7850089980290031
2017,S69,95929,2017-01-01 08:04:59,2017-12-31 23:55:00,727,9095,1242000,105023,0.9134094436456777
2017,S72,33,2017-02-07 00:29:59,2017-03-07 06:29:59,31,8104,993600,8137,0.004055548728032444
2017,S77,103151,2017-01-01 08:04:59,2017-12-31 23:55:00,523,1874,88800,105023,0.9821753330222903
2017,S92,98651,2017-01-01 08:04:59,2017-12-31 23:55:00,502,6374,549000,105023,0.9393275758643345
2017,S107,98641,2017-01-01 08:04:59,2017-12-31 23:55:00,1292,6383,208200,105023,0.9392323586262057
2017,S108,87476,2017-01-01 08:04:59,2017-12-30 23:55:00,1144,17261,661800,104735,0.8352126796199933
2017,S50,90014,2017-01-01 08:04:59,2017-12-31 23:55:00,1046,15011,264600,105023,0.8570884472924978
2017,S91,91077,2017-01-01 08:04:59,2017-12-31 23:55:00,560,13947,1345801,105023,0.8672100397055883
2017,S101,94715,2017-01-01 08:04:59,2017-12-05 13:35:00,563,2698,88800,97411,0.9723234542300151
2017,S122,92480,2017-01-01 08:04:59,2017-12-31 23:55:00,879,12545,1893000,105023,0.8805690182150576
2017,S35,102227,2017-01-01 08:04:59,2017-12-31 23:55:00,440,2798,324000,105023,0.9733772602191901
2017,S60,43377,2017-01-06 10:14:59,2017-12-31 11:15:00,412,60029,14126701,103405,0.4194864851796335
2017,S100,100415,2017-01-01 08:04:59,2017-12-31 23:55:00,1078,4610,228600,105023,0.9561238966702532
2017,S111,31545,2017-08-31 10:05:00,2017-12-31 23:55:00,278,3758,475500,35303,0.8935501232189899
2017,S112,100454,2017-01-01 08:04:59,2017-12-31 23:55:00,1182,4571,129600,105023,0.9564952438989555
2017,S114,101042,2017-01-01 08:04:59,2017-12-31 23:55:00,543,3983,242400,105023,0.9620940175009284
2017,S24,100369,2017-01-01 08:04:59,2017-12-31 23:55:00,1441,4656,100200,105023,0.9556858973748608
2017,S64,103417,2017-01-01 08:04:59,2017-12-31 23:55:00,425,1608,88800,105023,0.9847081115565162
2017,S84,96446,2017-01-01 08:04:59,2017-12-31 23:55:00,552,8579,1009500,105023,0.9183321748569361
2017,S97,6,2017-01-05 11:44:59,2017-01-05 12:09:59,0,0,300,6,1.0
2017,S08,88879,2017-01-01 08:04:59,2017-12-31 23:55:00,741,16146,1015200,105023,0.8462812907648801
2017,S24B,32648,2017-01-01 08:04:59,2017-04-25 11:24:59,178,225,5400,32873,0.9931554771392936
2017,S63,93890,2017-01-01 08:04:59,2017-12-19 09:55:00,573,7511,337200,101399,0.9259460152466987
2017,S89,95313,2017-01-01 08:04:59,2017-12-31 23:55:00,2818,9712,99900,105023,0.9075440617769441
2017,S90,98660,2017-01-01 08:04:59,2017-12-31 23:55:00,537,6364,1361701,105023,0.9394132713786504
2017,S96,30633,2017-01-01 08:04:59,2017-04-18 04:04:59,40,136,3900,30769,0.9955799668497514
2017,S06,24507,2017-01-01 08:04:59,2017-03-27 11:14:59,2,12,3600,24519,0.9995105836290223
2017,S07,97289,2017-01-01 08:04:59,2017-12-31 23:55:00,712,7736,117300,105023,0.9263589880311932
2017,S103,45,2017-03-22 11:19:59,2017-03-31 08:24:59,44,2513,43200,2558,0.017591868647380767
2017,S120,102184,2017-01-01 08:04:59,2017-12-31 23:55:00,512,2841,291300,105023,0.9729678260952362
2017,S29,99872,2017-01-01 08:04:59,2017-12-31 23:55:00,645,5153,243900,105023,0.9509536006398598
2017,S66,98642,2017-01-01 08:04:59,2017-12-31 23:55:00,567,6383,378900,105023,0.9392418803500185
2017,S78,102599,2017-01-01 08:04:59,2017-12-31 23:55:00,505,2426,183300,105023,0.9769193414775811
2017,S94,103022,2017-01-01 08:04:59,2017-12-31 23:55:00,542,2003,88800,105023,0.980947030650429
2017,S110,27573,2017-01-01 08:04:59,2017-04-07 04:34:59,15,34,3900,27607,0.998768428297171
2017,S115,98690,2017-01-01 08:04:59,2017-12-31 23:55:00,955,6335,219600,105023,0.9396989230930367
2017,S116,102730,2017-01-01 08:04:59,2017-12-31 23:55:00,519,2295,88800,105023,0.9781666872970682
2017,S123,103159,2017-01-01 08:04:59,2017-12-31 23:55:00,471,1866,88800,105023,0.9822515068127934
2017,S40,100492,2017-01-01 08:04:59,2017-12-31 23:55:00,483,4532,125100,105023,0.9568570694038449
2017,S79,101779,2017-01-01 08:04:59,2017-12-31 23:55:00,556,3246,193500,105023,0.9691115279510203
2017,S104,81189,2017-01-01 08:04:59,2017-11-20 15:30:00,602,11927,1534800,93114,0.871931181132805
2017,S109,95842,2017-01-01 08:04:59,2017-12-31 23:55:00,1620,9183,537300,105023,0.9125810536739571
2017,S119,100586,2017-01-01 08:04:59,2017-12-31 23:55:00,556,4439,117300,105023,0.9577521114422555
2017,S33,98131,2017-01-01 08:04:59,2017-12-31 23:55:00,612,6894,302400,105023,0.9343762794816374
2017,S43,99956,2017-01-01 08:04:59,2017-12-31 23:55:00,1073,5069,295500,105023,0.9517534254401416
2017,S88,101402,2017-01-01 08:04:59,2017-12-31 23:55:00,480,3623,549900,105023,0.9655218380735648
2017,S102,91432,2017-01-01 08:04:59,2017-12-13 15:50:00,1421,8312,664800,99742,0.9166850474223497
2017,S106,87785,2017-01-01 08:04:59,2017-12-31 23:55:00,3640,17240,281100,105023,0.8358645249135903
2017,S36,76438,2017-01-01 08:04:59,2017-12-31 23:55:00,700,28586,1530900,105023,0.7278215248088514
2017,S55,103328,2017-01-01 08:04:59,2017-12-31 23:55:00,489,1697,88800,105023,0.9838606781371699
2018,S11,84768,2018-01-01 00:00:00,2018-12-31 23:55:00,2134,20352,2505900,105120,0.806392694063927
2018,S117,80163,2018-01-01 00:00:00,2018-12-27 17:25:00,2066,23727,2505900,103890,0.7716142073346809
2018,S118,85821,2018-01-01 00:00:00,2018-12-31 23:55:00,2087,19299,2505900,105120,0.8164098173515981
2018,S46,80573,2018-01-01 00:00:00,2018-12-31 23:55:00,2084,24547,2505900,105120,0.7664859208523592
2018,S61,87763,2018-01-01 00:00:00,2018-12-31 23:55:00,2082,17357,2505900,105120,0.8348839421613394
2018,S82,87614,2018-01-01 00:00:00,2018-12-31 23:55:00,2116,17506,2505900,105120,0.8334665144596651
2018,S121,87626,2018-01-01 00:00:00,2018-12-31 23:55:00,2149,17494,2505900,105120,0.8335806697108067
2018,S71,80844,2018-01-01 00:00:00,2018-12-24 12:05:00,2107,22118,2505900,102962,0.7851828830053806
2018,S81,88248,2018-01-01 00:00:00,2018-12-31 23:55:00,2072,16872,2505900,105120,0.8394977168949772
2018,S900,87074,2018-01-01 00:00:00,2018-12-31 23:55:00,2073,18046,2505900,105120,0.8283295281582953
2018,S113,87005,2018-01-01 00:00:00,2018-12-31 23:55:00,2079,18115,2505900,105120,0.8276731354642314
2018,S44,87682,2018-01-01 00:00:00,2018-12-31 23:55:00,1961,17438,2505900,105120,0.834113394216134
2018,S69,81615,2018-01-01 00:00:00,2018-12-31 23:55:00,2086,23505,2505900,105120,0.776398401826484
2018,S77,88234,2018-01-01 00:00:00,2018-12-31 23:55:00,2088,16886,2505900,105120,0.8393645357686453
2018,S92,85977,2018-01-01 00:00:00,2018-12-31 23:55:00,2072,19143,2505900,105120,0.8178938356164384
2018,S107,86088,2018-01-01 00:00:00,2018-12-31 23:55:00,2146,19032,2505900,105120,0.8189497716894977
2018,S108,67723,2018-01-03 08:00:00,2018-12-31 23:55:00,2042,36725,2593800,104448,0.6483896292892157
2018,S50,82681,2018-01-01 00:00:00,2018-12-31 23:55:00,2192,22439,2505900,105120,0.7865391933028919
2018,S91,82710,2018-01-01 00:00:00,2018-12-20 16:25:00,2087,19152,2505900,101862,0.81198091535607
2018,S101,75244,2018-01-18 13:35:00,2018-12-07 09:45:00,2003,17735,2505900,92979,0.8092580044956388
2018,S122,83715,2018-01-01 00:00:00,2018-12-31 23:55:00,2014,21405,2505900,105120,0.7963755707762558
2018,S35,83682,2018-01-01 00:00:00,2018-12-31 23:55:00,2083,21438,2505900,105120,0.7960616438356164
2018,S60,82740,2018-01-03 08:00:00,2018-12-30 05:55:00,2203,21204,2505900,103944,0.7960055414453937
2018,S105,5760,2018-12-11 23:55:00,2018-12-31 23:55:00,1,1,600,5761,0.9998264190244749
2018,S112,83280,2018-01-01 00:00:00,2018-12-31 23:55:00,2010,21840,2505900,105120,0.7922374429223744
2018,S114,87928,2018-01-01 00:00:00,2018-12-31 23:55:00,2083,17192,2505900,105120,0.8364535768645358
2018,S24,88145,2018-01-01 00:00:00,2018-12-31 23:55:00,2099,16975,2505900,105120,0.8385178843226788
2018,S84,84327,2018-01-01 00:00:00,2018-12-27 13:00:00,2111,19510,2505900,103837,0.812109363714283
2018,S08,86174,2018-01-01 00:00:00,2018-12-31 23:55:00,2156,18946,2505900,105120,0.8197678843226789
2018,S100,82021,2018-01-01 00:00:00,2018-12-31 23:55:00,1606,23099,2505900,105120,0.7802606544901065
2018,S111,86481,2018-01-01 00:00:00,2018-12-31 23:55:00,2197,18639,2505900,105120,0.8226883561643835
2018,S215,66099,2018-04-16 15:20:00,2018-12-31 23:55:00,15,8597,2505900,74696,0.8849068223198029
2018,S64,88265,2018-01-01 00:00:00,2018-12-31 23:55:00,2089,16855,2505900,105120,0.8396594368340944
2018,S89,88273,2018-01-01 00:00:00,2018-12-31 23:55:00,2076,16847,2505900,105120,0.8397355403348554
2018,S90,88261,2018-01-01 00:00:00,2018-12-31 23:55:00,2075,16859,2505900,105120,0.8396213850837139
2018,S07,85559,2018-01-01 00:00:00,2018-12-31 23:55:00,2075,19561,2505900,105120,0.8139174277016743
2018,S120,87759,2018-01-01 00:00:00,2018-12-31 23:55:00,2073,17361,2505900,105120,0.8348458904109589
2018,S29,83571,2018-01-01 00:00:00,2018-12-31 23:55:00,2080,21549,2505900,105120,0.7950057077625571
2018,S66,80725,2018-01-01 00:00:00,2018-12-14 02:35:00,2109,19243,2505900,99968,0.8075084026888605
2018,S78,87969,2018-01-01 00:00:00,2018-12-31 23:55:00,2036,17151,2505900,105120,0.8368436073059361
2018,S94,88250,2018-01-01 00:00:00,2018-12-31 23:55:00,2091,16870,2505900,105120,0.8395167427701674
2018,S115,84369,2018-01-01 00:00:00,2018-12-31 23:55:00,2530,20751,2505900,105120,0.8025970319634703
2018,S116,87535,2018-01-01 00:00:00,2018-12-31 23:55:00,2143,17585,2505900,105120,0.83271499238965
2018,S119,84200,2018-01-01 00:00:00,2018-12-31 23:55:00,2383,20920,2505900,105120,0.8009893455098934
2018,S123,88216,2018-01-01 00:00:00,2018-12-31 23:55:00,2085,16904,2505900,105120,0.8391933028919331
2018,S40,88271,2018-01-01 00:00:00,2018-12-31 23:55:00,2081,16849,2505900,105120,0.8397165144596651
2018,S79,86922,2018-01-01 00:00:00,2018-12-31 23:55:00,1850,18198,2505900,105120,0.8268835616438356
2018,S104,77235,2018-01-04 16:10:00,2018-12-17 21:25:00,1976,22765,2505900,100000,0.77235
2018,S109,79812,2018-01-01 00:00:00,2018-12-27 06:00:00,2069,23941,2505900,103753,0.7692500457818087
2018,S33,85802,2018-01-01 00:00:00,2018-12-31 23:55:00,2107,19318,2505900,105120,0.8162290715372907
2018,S43,86110,2018-01-01 00:00:00,2018-12-31 23:55:00,1879,19010,2505900,105120,0.8191590563165906
2018,S88,88250,2018-01-01 00:00:00,2018-12-31 23:55:00,2071,16870,2505900,105120,0.8395167427701674
2018,S102,50391,2018-01-17 15:55:00,2018-09-11 17:30:00,2419,17885,2505900,68276,0.7380485089929111
2018,S106,77073,2018-01-01 00:00:00,2018-12-31 23:55:00,2894,28047,2505900,105120,0.7331906392694064
2018,S36,67350,2018-01-01 00:00:00,2018-12-31 23:55:00,1866,37770,2529000,105120,0.6406963470319634
2018,S55,88273,2018-01-01 00:00:00,2018-12-31 23:55:00,2079,16847,2505900,105120,0.8397355403348554
2019,S11,94966,2019-01-01 00:00:00,2019-12-31 23:55:00,77,10154,933900,105120,0.9034056316590563
2019,S117,97096,2019-01-04 11:50:00,2019-12-31 23:55:00,49,7018,606000,104114,0.9325931190810074
2019,S118,98196,2019-01-01 00:00:00,2019-12-31 23:55:00,69,6924,523500,105120,0.9341324200913242
2019,S46,81997,2019-01-01 00:00:00,2019-12-31 23:55:00,111,23123,523500,105120,0.7800323439878234
2019,S61,101144,2019-01-01 00:00:00,2019-12-31 23:55:00,36,3976,523500,105120,0.9621765601217656
2019,S82,100470,2019-01-01 00:00:00,2019-12-31 23:55:00,193,4650,523500,105120,0.9557648401826484
2019,S121,98638,2019-01-01 00:00:00,2019-12-31 23:55:00,123,6482,726000,105120,0.9383371385083714
2019,S71,64822,2019-01-04 10:00:00,2019-12-31 23:55:00,37,39314,6818700,104136,0.6224744564799877
2019,S81,101176,2019-01-01 00:00:00,2019-12-31 23:55:00,45,3944,523500,105120,0.9624809741248097
2019,S900,100696,2019-01-01 00:00:00,2019-12-31 23:55:00,65,4424,533100,105120,0.9579147640791477
2019,S113,101174,2019-01-01 00:00:00,2019-12-31 23:55:00,40,3946,523500,105120,0.9624619482496195
2019,S44,99250,2019-01-01 00:00:00,2019-12-31 23:55:00,43,5870,578100,105120,0.9441590563165906
2019,S69,76716,2019-01-01 00:00:00,2019-12-31 23:55:00,352,28404,1279200,105120,0.7297945205479452
2019,S77,101179,2019-01-01 00:00:00,2019-12-31 23:55:00,40,3941,523500,105120,0.9625095129375951
2019,S92,100501,2019-01-01 00:00:00,2019-12-31 23:55:00,40,4619,523500,105120,0.9560597412480974
2019,S107,99712,2019-01-01 00:00:00,2019-12-31 23:55:00,50,5408,523500,105120,0.9485540334855403
2019,S108,76742,2019-01-01 00:00:00,2019-12-31 23:55:00,274,28378,1129500,105120,0.7300418569254186
2019,S122,90601,2019-01-01 00:00:00,2019-12-31 23:55:00,117,14519,711600,105120,0.8618816590563166
2019,S35,100588,2019-01-01 00:00:00,2019-12-31 23:55:00,45,4532,523500,105120,0.9568873668188737
2019,S50,97643,2019-01-01 00:00:00,2019-12-31 23:55:00,149,7477,591600,105120,0.9288717656012176
2019,S60,96273,2019-01-02 11:05:00,2019-12-31 23:55:00,162,8426,609000,104699,0.9195216764247988
2019,S91,52092,2019-01-03 13:10:00,2019-12-31 23:55:00,296,52294,14232300,104386,0.49903243730002106
2019,S105,101115,2019-01-01 00:00:00,2019-12-31 23:55:00,57,4005,523500,105120,0.9619006849315068
2019,S112,91778,2019-01-01 00:00:00,2019-12-31 23:55:00,90,13342,523500,105120,0.8730783866057839
2019,S114,91752,2019-01-01 00:00:00,2019-12-31 23:55:00,161,13368,1555500,105120,0.8728310502283105
2019,S24,100945,2019-01-01 00:00:00,2019-12-31 23:55:00,59,4175,523500,105120,0.9602834855403348
2019,S84,78449,2019-01-03 09:20:00,2019-12-31 23:55:00,194,25983,1626000,104432,0.7511969511260916
2019,S08,100824,2019-01-01 00:00:00,2019-12-31 23:55:00,388,4296,523500,105120,0.9591324200913242
2019,S100,98942,2019-01-01 00:00:00,2019-12-31 23:55:00,176,6178,523500,105120,0.9412290715372907
2019,S111,100701,2019-01-01 00:00:00,2019-12-31 23:55:00,73,4419,523500,105120,0.9579623287671233
2019,S215,100684,2019-01-01 00:00:00,2019-12-31 23:55:00,16,4436,523500,105120,0.9578006088280061
2019,S64,101161,2019-01-01 00:00:00,2019-12-31 23:55:00,49,3959,523500,105120,0.9623382800608828
2019,S89,101164,2019-01-01 00:00:00,2019-12-31 23:55:00,47,3956,523500,105120,0.9623668188736682
2019,S07,98573,2019-01-01 00:00:00,2019-12-31 23:55:00,45,6547,523500,105120,0.937718797564688
2019,S120,101177,2019-01-01 00:00:00,2019-12-31 23:55:00,43,3943,523500,105120,0.9624904870624049
2019,S29,100898,2019-01-01 00:00:00,2019-12-31 23:55:00,43,4222,523500,105120,0.9598363774733638
2019,S66,99174,2019-01-02 15:25:00,2019-12-31 23:55:00,68,5473,523500,104647,0.947700364081149
2019,S78,100977,2019-01-01 00:00:00,2019-12-31 23:55:00,72,4143,523500,105120,0.960587899543379
2019,S90,101175,2019-01-01 00:00:00,2019-12-31 23:55:00,45,3945,523500,105120,0.9624714611872146
2019,S115,89136,2019-01-01 00:00:00,2019-12-31 23:55:00,665,15984,1881000,105120,0.8479452054794521
2019,S116,98379,2019-01-01 00:00:00,2019-12-31 23:55:00,147,6741,523500,105120,0.9358732876712329
2019,S123,96849,2019-01-01 00:00:00,2019-12-16 22:55:00,38,3939,523500,100788,0.9609179664245744
2019,S40,100045,2019-01-01 00:00:00,2019-12-31 23:55:00,49,5075,523500,105120,0.9517218417047184
2019,S79,100752,2019-01-01 00:00:00,2019-12-31 23:55:00,64,4368,523500,105120,0.9584474885844749
2019,S94,101154,2019-01-01 00:00:00,2019-12-31 23:55:00,54,3966,523500,105120,0.9622716894977169
2019,S104,100433,2019-01-03 14:55:00,2019-12-31 23:55:00,32,3932,523500,104365,0.9623245340870982
2019,S106,95306,2019-01-01 00:00:00,2019-12-31 23:55:00,189,9814,1479300,105120,0.9066400304414003
2019,S109,82164,2019-01-03 11:20:00,2019-12-31 23:55:00,72,22244,1314300,104408,0.7869511914795801
2019,S119,99756,2019-01-01 00:00:00,2019-12-31 23:55:00,353,5364,523500,105120,0.9489726027397261
2019,S33,100610,2019-01-01 00:00:00,2019-12-31 23:55:00,48,4510,523500,105120,0.9570966514459666
2019,S36,45367,2019-01-01 00:00:00,2019-12-31 20:50:00,420,59716,581100,105083,0.431725398018709
2019,S43,99763,2019-01-01 00:00:00,2019-12-31 23:55:00,108,5357,523500,105120,0.9490391933028919
2019,S55,14816,2019-01-01 00:00:00,2019-02-21 11:20:00,6,9,1200,14825,0.9993929173693086
2019,S88,101171,2019-01-01 00:00:00,2019-12-31 23:55:00,44,3949,523500,105120,0.9624334094368341
2020,S117,96621,2020-01-01 00:00:00,2020-12-16 07:55:00,66,4275,280200,100896,0.9576296384395814
2020,S202,54466,2020-06-15 12:50:00,2020-12-31 23:55:00,13,2980,105000,57446,0.9481251958360896
2020,S208,54466,2020-06-15 12:50:00,2020-12-31 23:55:00,13,2980,105000,57446,0.9481251958360896
2020,S214,51594,2020-06-15 12:50:00,2020-12-31 23:55:00,19,5852,603000,57446,0.8981304181318107
2020,S220,54466,2020-06-15 12:50:00,2020-12-31 23:55:00,13,2980,105000,57446,0.9481251958360896
2020,S46,93613,2020-01-01 00:00:00,2020-12-04 17:10:00,21,3938,280200,97551,0.9596313723078185
2020,S82,96861,2020-01-01 00:00:00,2020-12-31 23:55:00,56,8547,1375500,105408,0.9189150728597449
2020,S11,101443,2020-01-01 00:00:00,2020-12-31 23:55:00,56,3965,280200,105408,0.9623842592592593
2020,S118,98981,2020-01-01 00:00:00,2020-12-31 23:55:00,84,6427,280200,105408,0.9390273982999393
2020,S221,54464,2020-06-15 12:50:00,2020-12-31 23:55:00,15,2982,105000,57446,0.9480903805312816
2020,S61,101315,2020-01-01 00:00:00,2020-12-31 23:55:00,54,4093,280200,105408,0.9611699301760778
2020,S71,99779,2020-01-01 00:00:00,2020-12-31 23:55:00,92,5629,280200,105408,0.9465979811778992
2020,S900,100131,2020-01-01 00:00:00,2020-12-31 23:55:00,103,5277,280200,105408,0.9499373861566485
2020,S113,101416,2020-01-01 00:00:00,2020-12-31 23:55:00,74,3992,280200,105408,0.9621281117182756
2020,S121,101378,2020-01-01 00:00:00,2020-12-31 23:55:00,111,4030,280200,105408,0.9617676077717061
2020,S205,24938,2020-06-15 12:50:00,2020-12-31 23:55:00,20,32508,9086700,57446,0.43411203565087214
2020,S219,54392,2020-06-15 12:50:00,2020-12-31 23:55:00,16,3054,105000,57446,0.9468370295581938
2020,S44,101150,2020-01-01 00:00:00,2020-12-31 23:55:00,63,4258,280200,105408,0.959604584092289
2020,S77,101316,2020-01-01 00:00:00,2020-12-31 23:55:00,175,4092,280200,105408,0.96117941712204
2020,S81,101427,2020-01-01 00:00:00,2020-12-31 23:55:00,64,3981,280200,105408,0.9622324681238615
2020,S107,98708,2020-01-01 00:00:00,2020-12-31 23:55:00,85,6700,808500,105408,0.9364374620522161
2020,S108,86190,2020-01-01 00:00:00,2020-12-31 23:55:00,296,19218,795000,105408,0.8176798724954463
2020,S203,49298,2020-06-15 12:50:00,2020-12-31 23:55:00,202,8148,170100,57446,0.8581624482122341
2020,S50,101443,2020-01-01 00:00:00,2020-12-31 23:55:00,51,3965,280200,105408,0.9623842592592593
2020,S69,96265,2020-01-01 00:00:00,2020-12-31 23:55:00,54,9143,2225400,105408,0.913260853066181
2020,S91,100887,2020-01-01 00:00:00,2020-12-31 23:55:00,75,4521,280200,105408,0.9571095173041895
2020,S92,99513,2020-01-01 00:00:00,2020-12-31 23:55:00,133,5895,280200,105408,0.9440744535519126
2020,S122,66402,2020-01-01 00:00:00,2020-12-14 14:30:00,44,33997,5973600,100399,0.6613810894530822
2020,S227,53467,2020-06-15 12:50:00,2020-12-31 23:55:00,87,3979,105000,57446,0.9307349510844968
2020,S229,54448,2020-06-15 12:50:00,2020-12-31 23:55:00,16,2998,105000,57446,0.9478118580928176
2020,S35,96722,2020-01-01 00:00:00,2020-12-31 23:55:00,175,8686,621300,105408,0.9175963873709775
2020,S60,84971,2020-01-01 00:00:00,2020-12-31 23:55:00,60,20437,4787400,105408,0.8061152853673346
2020,S105,2134,2020-01-01 00:00:00,2020-01-08 09:45:00,0,0,300,2134,1.0
2020,S111,99828,2020-01-01 00:00:00,2020-12-31 23:55:00,99,5580,280200,105408,0.9470628415300546
2020,S112,94137,2020-01-01 00:00:00,2020-12-31 23:55:00,126,11271,280200,105408,0.8930726320582878
2020,S114,100002,2020-01-01 00:00:00,2020-12-31 23:55:00,376,5406,280200,105408,0.9487135701275046
2020,S217,54466,2020-06-15 12:50:00,2020-12-31 23:55:00,13,2980,105000,57446,0.9481251958360896
2020,S24,101345,2020-01-01 00:00:00,2020-12-31 23:55:00,88,4063,280200,105408,0.9614545385549484
2020,S64,6096,2020-01-01 00:00:00,2020-01-28 23:15:00,54,1960,430500,8056,0.7567030784508441
2020,S84,94069,2020-01-01 00:00:00,2020-12-31 23:55:00,987,11339,443700,105408,0.8924275197328476
2020,S08,101451,2020-01-01 00:00:00,2020-12-31 23:55:00,39,3957,280200,105408,0.9624601548269581
2020,S100,100391,2020-01-01 00:00:00,2020-12-31 23:55:00,69,5017,309000,105408,0.952403992106861
2020,S204,54466,2020-06-15 12:50:00,2020-12-31 23:55:00,13,2980,105000,57446,0.9481251958360896
2020,S211,51322,2020-06-15 12:50:00,2020-12-31 23:55:00,131,6124,105000,57446,0.8933955366779236
2020,S212,54466,2020-06-15 12:50:00,2020-12-31 23:55:00,13,2980,105000,57446,0.9481251958360896
2020,S213,54466,2020-06-15 12:50:00,2020-12-31 23:55:00,13,2980,105000,57446,0.9481251958360896
2020,S215,99634,2020-01-01 00:00:00,2020-12-31 23:55:00,64,5774,614700,105408,0.9452223740133576
2020,S223,54187,2020-06-15 12:50:00,2020-12-31 23:55:00,111,3259,105000,57446,0.9432684608153744
2020,S230,53313,2020-06-15 12:50:00,2020-12-31 23:55:00,25,4133,105000,57446,0.9280541726142812
2020,S89,101437,2020-01-01 00:00:00,2020-12-31 23:55:00,54,3971,280200,105408,0.9623273375834851
2020,S90,100601,2020-01-01 00:00:00,2020-12-31 23:55:00,36,4807,280200,105408,0.9543962507589556
2020,S07,100091,2020-01-01 00:00:00,2020-12-31 23:55:00,83,5317,283200,105408,0.9495579083181542
2020,S120,101449,2020-01-01 00:00:00,2020-12-31 23:55:00,42,3959,280200,105408,0.9624411809350334
2020,S201,54466,2020-06-15 12:50:00,2020-12-31 23:55:00,13,2980,105000,57446,0.9481251958360896
2020,S224,53007,2020-06-15 12:50:00,2020-12-31 21:25:00,24,4409,477300,57416,0.9232095583112722
2020,S226,54466,2020-06-15 12:50:00,2020-12-31 23:55:00,13,2980,105000,57446,0.9481251958360896
2020,S29,78574,2020-01-01 00:00:00,2020-12-31 23:55:00,266,26834,780300,105408,0.7454272920461446
2020,S66,100941,2020-01-01 00:00:00,2020-12-31 23:55:00,43,4467,280200,105408,0.9576218123861566
2020,S78,101427,2020-01-01 00:00:00,2020-12-31 23:55:00,64,3981,280200,105408,0.9622324681238615
2020,S94,101443,2020-01-01 00:00:00,2020-12-31 23:55:00,54,3965,280200,105408,0.9623842592592593
2020,S115,97272,2020-01-01 00:00:00,2020-12-31 23:55:00,119,8136,626100,105408,0.9228142076502732
2020,S116,96455,2020-01-01 00:00:00,2020-12-31 23:55:00,65,8953,888000,105408,0.9150633727990285
2020,S119,99661,2020-01-01 00:00:00,2020-12-31 23:55:00,297,5747,280200,105408,0.9454785215543412
2020,S123,99544,2020-01-07 15:50:00,2020-12-31 23:55:00,28,3946,280200,103490,0.9618707121461011
2020,S207,52746,2020-06-15 12:50:00,2020-12-31 23:55:00,109,4700,111300,57446,0.918184033701215
2020,S210,52175,2020-06-15 12:50:00,2020-12-31 23:55:00,80,5271,184500,57446,0.9082442641785329
2020,S222,54466,2020-06-15 12:50:00,2020-12-31 23:55:00,13,2980,105000,57446,0.9481251958360896
2020,S40,100410,2020-01-01 00:00:00,2020-12-31 23:55:00,328,4998,280200,105408,0.9525842440801457
2020,S79,100909,2020-01-01 00:00:00,2020-12-31 23:55:00,578,4499,280200,105408,0.9573182301153612
2020,S104,101338,2020-01-01 00:00:00,2020-12-31 23:55:00,48,4070,280200,105408,0.9613881299332119
2020,S106,93224,2020-01-01 00:00:00,2020-12-31 23:55:00,215,12184,981900,105408,0.884411050394657
2020,S109,95029,2020-01-01 00:00:00,2020-12-31 23:55:00,76,10379,750900,105408,0.9015349878567092
2020,S209,51659,2020-06-15 12:50:00,2020-12-31 23:55:00,27,5787,440100,57446,0.8992619155380706
2020,S216,52694,2020-06-15 12:50:00,2020-12-31 23:55:00,56,4752,105000,57446,0.9172788357762072
2020,S218,54465,2020-06-15 12:50:00,2020-12-31 23:55:00,14,2981,105000,57446,0.9481077881836856
2020,S228,52462,2020-06-15 12:50:00,2020-12-31 23:55:00,34,4984,105000,57446,0.9132402604184799
2020,S33,101041,2020-01-01 00:00:00,2020-12-31 23:55:00,53,4367,280200,105408,0.9585705069823922
2020,S36,20071,2020-01-01 12:50:00,2020-12-21 18:30:00,520,82238,1278300,102309,0.19618019920046134
2020,S43,101181,2020-01-01 00:00:00,2020-12-31 23:55:00,83,4227,280200,105408,0.959898679417122
2020,S88,101465,2020-01-01 00:00:00,2020-12-31 23:55:00,24,3943,280200,105408,0.962592972070431
2021,S11,88144,2021-01-01 00:00:00,2021-11-11 10:10:00,22,2411,390900,90555,0.9733752967809618
2021,S118,103088,2021-01-01 00:00:00,2021-12-31 23:55:00,36,2032,390900,105120,0.9806697108066971
2021,S202,102593,2021-01-01 00:00:00,2021-12-31 23:55:00,5,2527,390900,105120,0.975960806697108
2021,S208,103791,2021-01-01 00:00:00,2021-12-31 23:55:00,4,1329,390900,105120,0.9873573059360731
2021,S214,103080,2021-01-01 00:00:00,2021-12-31 23:55:00,12,2040,390900,105120,0.980593607305936
2021,S220,103797,2021-01-01 00:00:00,2021-12-31 23:55:00,2,1323,390900,105120,0.9874143835616438
2021,S221,103797,2021-01-01 00:00:00,2021-12-31 23:55:00,2,1323,390900,105120,0.9874143835616438
2021,S61,96,2021-01-01 00:00:00,2021-01-01 07:55:00,0,0,300,96,1.0
2021,S82,101760,2021-01-01 00:00:00,2021-12-31 23:55:00,22,3360,390900,105120,0.9680365296803652
2021,S121,102558,2021-01-01 00:00:00,2021-12-31 23:55:00,30,2562,390900,105120,0.9756278538812785
2021,S219,103789,2021-01-01 00:00:00,2021-12-31 23:55:00,3,1331,390900,105120,0.9873382800608828
2021,S71,103263,2021-01-01 00:00:00,2021-12-31 23:55:00,29,1857,390900,105120,0.9823344748858448
2021,S81,103772,2021-01-01 00:00:00,2021-12-31 23:55:00,18,1348,390900,105120,0.9871765601217656
2021,S900,103531,2021-01-01 00:00:00,2021-12-31 23:55:00,14,1589,390900,105120,0.9848839421613395
2021,S107,102982,2021-01-01 00:00:00,2021-12-31 23:55:00,72,2138,390900,105120,0.9796613394216134
2021,S108,103774,2021-01-01 00:00:00,2021-12-31 23:55:00,14,1346,390900,105120,0.9871955859969559
2021,S113,103731,2021-01-01 00:00:00,2021-12-31 23:55:00,19,1389,390900,105120,0.9867865296803653
2021,S203,103797,2021-01-01 00:00:00,2021-12-31 23:55:00,2,1323,390900,105120,0.9874143835616438
2021,S205,103797,2021-01-01 00:00:00,2021-12-31 23:55:00,2,1323,390900,105120,0.9874143835616438
2021,S44,103127,2021-01-01 00:00:00,2021-12-31 23:55:00,14,1993,390900,105120,0.9810407153729072
2021,S69,101090,2021-01-01 00:00:00,2021-12-31 22:05:00,133,4008,390900,105098,0.9618641648746884
2021,S77,103241,2021-01-01 00:00:00,2021-12-31 23:55:00,520,1879,390900,105120,0.9821251902587519
2021,S91,19701,2021-01-01 00:00:00,2021-03-16 09:45:00,18,1729,390900,21430,0.9193187120858609
2021,S92,1419,2021-01-01 00:00:00,2021-01-10 10:45:00,2,1303,390900,2722,0.5213078618662748
2021,S112,103500,2021-01-01 00:00:00,2021-12-31 23:55:00,18,1620,390900,105120,0.9845890410958904
2021,S114,97998,2021-01-01 00:00:00,2021-12-31 23:55:00,53,7122,390900,105120,0.9322488584474886
2021,S122,49049,2021-01-25 14:25:00,2021-09-13 23:15:00,59,17586,1773900,66635,0.7360846402040969
2021,S227,103797,2021-01-01 00:00:00,2021-12-31 23:55:00,2,1323,390900,105120,0.9874143835616438
2021,S229,103537,2021-01-01 00:00:00,2021-12-31 23:55:00,101,1583,390900,105120,0.9849410197869102
2021,S24,103681,2021-01-01 00:00:00,2021-12-31 23:55:00,25,1439,390900,105120,0.9863108828006089
2021,S35,89290,2021-01-01 00:00:00,2021-12-31 16:45:00,1428,15744,390900,105034,0.8501056800655026
2021,S50,100955,2021-01-01 00:00:00,2021-12-31 23:55:00,28,4165,674400,105120,0.9603786149162862
2021,S60,96,2021-01-01 00:00:00,2021-01-01 07:55:00,0,0,300,96,1.0
2021,S84,103265,2021-01-01 00:00:00,2021-12-31 23:55:00,290,1855,390900,105120,0.982353500761035
2021,S100,101066,2021-01-01 00:00:00,2021-12-31 23:55:00,39,4054,659100,105120,0.9614345509893455
2021,S111,101877,2021-01-01 00:00:00,2021-12-31 16:25:00,50,3153,390900,105030,0.9699800057126535
2021,S204,103326,2021-01-01 00:00:00,2021-12-31 23:55:00,18,1794,390900,105120,0.9829337899543379
2021,S211,103797,2021-01-01 00:00:00,2021-12-31 23:55:00,2,1323,390900,105120,0.9874143835616438
2021,S212,103459,2021-01-01 00:00:00,2021-12-31 23:55:00,7,1661,390900,105120,0.9841990106544901
2021,S215,103793,2021-01-01 00:00:00,2021-12-31 23:55:00,4,1327,390900,105120,0.9873763318112633
2021,S217,103281,2021-01-01 00:00:00,2021-12-31 23:55:00,21,1839,390900,105120,0.9825057077625571
2021,S230,103797,2021-01-01 00:00:00,2021-12-31 23:55:00,2,1323,390900,105120,0.9874143835616438
2021,S08,102991,2021-01-01 00:00:00,2021-12-31 23:55:00,25,2129,390900,105120,0.9797469558599695
2021,S120,103763,2021-01-01 00:00:00,2021-12-31 23:55:00,17,1357,390900,105120,0.9870909436834094
2021,S213,102752,2021-01-01 00:00:00,2021-12-31 23:55:00,19,2368,390900,105120,0.9774733637747336
2021,S223,103797,2021-01-01 00:00:00,2021-12-31 23:55:00,2,1323,390900,105120,0.9874143835616438
2021,S226,101970,2021-01-01 00:00:00,2021-12-31 23:55:00,3,3150,548400,105120,0.9700342465753424
2021,S66,100693,2021-01-01 00:00:00,2021-12-31 23:55:00,47,4427,390900,105120,0.9578862252663622
2021,S89,103767,2021-01-01 00:00:00,2021-12-31 23:55:00,24,1353,390900,105120,0.98712899543379
2021,S90,103773,2021-01-01 00:00:00,2021-12-31 23:55:00,18,1347,390900,105120,0.9871860730593607
2021,S07,32,2021-01-01 00:00:00,2021-01-01 02:35:00,0,0,300,32,1.0
2021,S201,103797,2021-01-01 00:00:00,2021-12-31 23:55:00,2,1323,390900,105120,0.9874143835616438
2021,S224,103701,2021-01-05 20:30:00,2021-12-31 23:55:00,1,21,6600,103722,0.9997975357204836
2021,S29,96,2021-01-01 00:00:00,2021-01-01 07:55:00,0,0,300,96,1.0
2021,S78,103749,2021-01-01 00:00:00,2021-12-31 23:55:00,43,1371,390900,105120,0.9869577625570777
2021,S94,103771,2021-01-01 00:00:00,2021-12-31 23:55:00,18,1349,390900,105120,0.9871670471841705
2021,S115,100860,2021-01-01 00:00:00,2021-12-31 23:55:00,197,4260,401400,105120,0.9594748858447488
2021,S116,103783,2021-01-01 00:00:00,2021-12-31 23:55:00,8,1337,390900,105120,0.987281202435312
2021,S123,100781,2021-01-01 00:00:00,2021-12-31 23:55:00,18,4339,876000,105120,0.9587233637747337
2021,S222,103797,2021-01-01 00:00:00,2021-12-31 23:55:00,2,1323,390900,105120,0.9874143835616438
2021,S40,103776,2021-01-01 00:00:00,2021-12-31 23:55:00,15,1344,390900,105120,0.9872146118721461
2021,S79,103258,2021-01-01 00:00:00,2021-12-31 23:55:00,530,1862,390900,105120,0.9822869101978691
2021,S104,94726,2021-01-01 00:00:00,2021-12-31 23:55:00,299,10394,1122300,105120,0.9011225266362253
2021,S109,100756,2021-01-01 00:00:00,2021-12-31 23:55:00,11,4364,535800,105120,0.9584855403348554
2021,S119,97804,2021-01-01 00:00:00,2021-12-31 23:55:00,1496,7316,390900,105120,0.9304033485540335
2021,S207,103797,2021-01-01 00:00:00,2021-12-31 23:55:00,2,1323,390900,105120,0.9874143835616438
2021,S210,103797,2021-01-01 00:00:00,2021-12-31 23:55:00,2,1323,390900,105120,0.9874143835616438
2021,S218,103732,2021-01-01 00:00:00,2021-12-31 23:55:00,6,1388,390900,105120,0.9867960426179604
2021,S228,103450,2021-01-01 00:00:00,2021-12-31 23:55:00,50,1670,390900,105120,0.984113394216134
2021,S88,103745,2021-01-01 00:00:00,2021-12-31 23:55:00,39,1375,390900,105120,0.9869197108066972
2021,S106,96029,2021-01-01 00:00:00,2021-12-31 23:55:00,99,9091,1913700,105120,0.9135178843226789
2021,S209,103252,2021-01-01 00:00:00,2021-12-31 23:55:00,5,1868,390900,105120,0.9822298325722983
2021,S216,103783,2021-01-01 00:00:00,2021-12-31 23:55:00,10,1337,390900,105120,0.987281202435312
2021,S33,102229,2021-01-01 00:00:00,2021-12-31 23:55:00,55,2891,390900,105120,0.9724980974124809
2021,S36,15589,2021-01-12 16:05:00,2021-12-30 21:05:00,282,85848,2484900,101437,0.15368159547305224
2021,S43,103768,2021-01-01 00:00:00,2021-12-31 23:55:00,19,1352,390900,105120,0.9871385083713851
2022,S118,104424,2022-01-01 00:00:00,2022-12-31 23:55:00,35,696,58800,105120,0.9933789954337899
2022,S202,104952,2022-01-01 00:00:00,2022-12-31 23:55:00,15,168,12300,105120,0.9984018264840183
2022,S208,104946,2022-01-01 00:00:00,2022-12-31 23:55:00,16,174,12300,105120,0.9983447488584475
2022,S214,104950,2022-01-01 00:00:00,2022-12-31 23:55:00,15,170,12300,105120,0.998382800608828
2022,S220,104946,2022-01-01 00:00:00,2022-12-31 23:55:00,17,174,12300,105120,0.9983447488584475
2022,S221,104947,2022-01-01 00:00:00,2022-12-31 23:55:00,18,173,12300,105120,0.9983542617960426
2022,S61,33802,2022-08-30 14:35:00,2022-12-31 23:55:00,12,1735,505200,35537,0.9511776458339196
2022,S82,93235,2022-01-01 00:00:00,2022-11-21 10:45:00,24,207,21000,93442,0.9977847220735857
2022,S121,99808,2022-01-01 00:00:00,2022-12-31 23:55:00,96,5312,818100,105120,0.9494672754946728
2022,S219,104651,2022-01-01 00:00:00,2022-12-31 23:55:00,46,469,25800,105120,0.9955384322678843
2022,S71,104710,2022-01-01 00:00:00,2022-12-31 23:55:00,123,410,22200,105120,0.996099695585997
2022,S81,104959,2022-01-01 00:00:00,2022-12-31 23:55:00,22,161,12300,105120,0.9984684170471841
2022,S900,104429,2022-01-01 00:00:00,2022-12-31 23:55:00,49,691,72000,105120,0.9934265601217656
2022,S107,104744,2022-01-01 00:00:00,2022-12-31 23:55:00,36,376,45900,105120,0.9964231354642313
2022,S108,99655,2022-01-01 00:00:00,2022-12-31 23:55:00,82,5465,625200,105120,0.948011796042618
2022,S113,104891,2022-01-01 00:00:00,2022-12-31 23:55:00,32,229,15300,105120,0.9978215372907153
2022,S203,104951,2022-01-01 00:00:00,2022-12-31 23:55:00,14,169,12300,105120,0.9983923135464231
2022,S205,104952,2022-01-01 00:00:00,2022-12-31 23:55:00,14,168,12300,105120,0.9984018264840183
2022,S44,104682,2022-01-01 00:00:00,2022-12-31 23:55:00,209,438,12300,105120,0.9958333333333333
2022,S50,104715,2022-01-01 00:00:00,2022-12-31 23:55:00,31,405,53400,105120,0.9961472602739726
2022,S69,104333,2022-01-01 10:15:00,2022-12-31 23:55:00,48,664,54900,104997,0.9936760097907559
2022,S77,104935,2022-01-01 00:00:00,2022-12-31 23:55:00,47,185,12300,105120,0.998240106544901
2022,S112,104879,2022-01-01 00:00:00,2022-12-31 23:55:00,23,241,18300,105120,0.9977073820395739
2022,S114,104961,2022-01-01 00:00:00,2022-12-31 23:55:00,19,159,12300,105120,0.9984874429223745
2022,S227,104946,2022-01-01 00:00:00,2022-12-31 23:55:00,15,174,12300,105120,0.9983447488584475
2022,S229,104949,2022-01-01 00:00:00,2022-12-31 23:55:00,17,171,12300,105120,0.9983732876712329
2022,S24,104842,2022-01-01 00:00:00,2022-12-31 23:55:00,36,278,12300,105120,0.997355403348554
2022,S35,96769,2022-01-02 12:45:00,2022-12-31 23:55:00,296,7910,361800,104679,0.924435655671147
2022,S60,34493,2022-08-30 14:35:00,2022-12-31 23:55:00,14,1044,205500,35537,0.9706221684441568
2022,S84,104291,2022-01-01 00:00:00,2022-12-31 23:55:00,28,829,115800,105120,0.9921137747336377
2022,S100,104409,2022-01-01 00:00:00,2022-12-31 23:55:00,34,711,86400,105120,0.993236301369863
2022,S111,102896,2022-01-01 08:05:00,2022-12-31 23:55:00,128,2127,99300,105023,0.9797472934500062
2022,S204,104952,2022-01-01 00:00:00,2022-12-31 23:55:00,14,168,12300,105120,0.9984018264840183
2022,S211,104799,2022-01-01 00:00:00,2022-12-31 23:55:00,56,321,14700,105120,0.9969463470319635
2022,S212,104461,2022-01-01 00:00:00,2022-12-31 23:55:00,23,659,102900,105120,0.9937309741248097
2022,S215,104953,2022-01-01 00:00:00,2022-12-31 23:55:00,14,167,12300,105120,0.9984113394216134
2022,S217,104938,2022-01-01 00:00:00,2022-12-31 23:55:00,18,182,12300,105120,0.9982686453576864
2022,S230,104952,2022-01-01 00:00:00,2022-12-31 23:55:00,14,168,12300,105120,0.9984018264840183
2022,S64,35485,2022-08-30 14:35:00,2022-12-31 23:55:00,9,52,7800,35537,0.9985367363592875
2022,S08,104857,2022-01-01 00:00:00,2022-12-31 23:55:00,45,263,20100,105120,0.997498097412481
2022,S120,103674,2022-01-01 00:00:00,2022-12-31 23:55:00,23,1446,385200,105120,0.9862442922374429
2022,S213,104947,2022-01-01 00:00:00,2022-12-31 23:55:00,18,173,12300,105120,0.9983542617960426
2022,S223,104936,2022-01-01 00:00:00,2022-12-31 23:55:00,17,184,12300,105120,0.9982496194824962
2022,S226,104950,2022-01-01 00:00:00,2022-12-31 23:55:00,14,170,12300,105120,0.998382800608828
2022,S66,103868,2022-01-01 00:00:00,2022-12-31 23:55:00,51,1252,192000,105120,0.988089802130898
2022,S89,104937,2022-01-01 00:00:00,2022-12-31 23:55:00,25,183,12300,105120,0.9982591324200913
2022,S90,104857,2022-01-01 00:00:00,2022-12-31 23:55:00,23,263,21300,105120,0.997498097412481
2022,S201,104951,2022-01-01 00:00:00,2022-12-31 23:55:00,15,169,12300,105120,0.9983923135464231
2022,S224,104951,2022-01-01 00:00:00,2022-12-31 23:55:00,16,169,12300,105120,0.9983923135464231
2022,S78,104938,2022-01-01 00:00:00,2022-12-31 23:55:00,43,182,12300,105120,0.9982686453576864
2022,S94,104928,2022-01-01 00:00:00,2022-12-31 23:55:00,41,192,12300,105120,0.9981735159817352
2022,S115,102478,2022-01-01 00:00:00,2022-12-31 23:55:00,234,2642,318300,105120,0.9748668188736682
2022,S116,101629,2022-01-01 00:00:00,2022-12-31 23:55:00,207,3491,451500,105120,0.9667903348554033
2022,S123,104338,2022-01-01 00:00:00,2022-12-31 23:55:00,25,782,183600,105120,0.9925608828006088
2022,S222,104951,2022-01-01 00:00:00,2022-12-31 23:55:00,15,169,12300,105120,0.9983923135464231
2022,S40,104226,2022-01-01 00:00:00,2022-12-31 23:55:00,259,894,51300,105120,0.9914954337899543
2022,S79,104094,2022-01-01 00:00:00,2022-12-31 23:55:00,236,1026,180900,105120,0.9902397260273973
2022,S104,103186,2022-01-01 00:00:00,2022-12-31 23:55:00,26,1934,531600,105120,0.9816019786910198
2022,S109,100199,2022-01-01 00:00:00,2022-12-31 23:55:00,78,4921,815700,105120,0.9531868340943683
2022,S119,103017,2022-01-01 00:00:00,2022-12-31 23:55:00,128,2103,49800,105120,0.9799942922374429
2022,S207,104952,2022-01-01 00:00:00,2022-12-31 23:55:00,14,168,12300,105120,0.9984018264840183
2022,S210,103138,2022-01-01 00:00:00,2022-12-31 23:55:00,18,1982,541500,105120,0.9811453576864536
2022,S218,104931,2022-01-01 00:00:00,2022-12-31 23:55:00,20,189,12300,105120,0.9982020547945205
2022,S228,104952,2022-01-01 00:00:00,2022-12-31 23:55:00,14,168,12300,105120,0.9984018264840183
2022,S88,104903,2022-01-01 00:00:00,2022-12-31 23:55:00,40,217,12600,105120,0.9979356925418569
2022,S102,20459,2022-09-15 14:15:00,2022-12-31 23:55:00,200,10474,1198200,30933,0.6613972133320403
2022,S106,103370,2022-01-01 01:05:00,2022-12-31 23:55:00,274,1737,163200,105107,0.9834739836547518
2022,S209,104949,2022-01-01 00:00:00,2022-12-31 23:55:00,15,171,12300,105120,0.9983732876712329
2022,S216,104950,2022-01-01 00:00:00,2022-12-31 23:55:00,15,170,12300,105120,0.998382800608828
2022,S33,103272,2022-01-01 00:00:00,2022-12-31 23:55:00,87,1848,91200,105120,0.9824200913242009
2022,S36,39605,2022-01-03 15:05:00,2022-12-31 20:40:00,1229,64719,1189500,104324,0.37963459990031057
2022,S43,104245,2022-01-01 00:00:00,2022-12-31 23:55:00,81,875,66600,105120,0.9916761796042618
2023,S117,94424,2023-02-03 15:45:00,2023-12-31 23:55:00,39,1003,86700,95427,0.9894893478784831
2023,S118,100627,2023-01-01 00:00:00,2023-12-31 23:55:00,105,4493,788400,105120,0.9572583713850837
2023,S202,14153,2023-01-01 00:00:00,2023-02-28 09:20:00,3,2664,788400,16817,0.8415888684069691
2023,S208,102010,2023-01-01 00:00:00,2023-12-31 23:55:00,17,3110,788400,105120,0.9704147640791476
2023,S214,102015,2023-01-01 00:00:00,2023-12-31 23:55:00,16,3105,788400,105120,0.9704623287671232
2023,S220,102013,2023-01-01 00:00:00,2023-12-31 23:55:00,17,3107,788400,105120,0.970443302891933
2023,S221,102009,2023-01-01 00:00:00,2023-12-31 23:55:00,22,3111,788400,105120,0.9704052511415525
2023,S61,18740,2023-01-01 00:00:00,2023-03-16 07:40:00,3,2665,788400,21405,0.875496379350619
2023,S71,102006,2023-01-01 00:00:00,2023-12-31 23:55:00,23,3114,788400,105120,0.9703767123287671
2023,S900,101695,2023-01-01 00:00:00,2023-12-31 23:55:00,44,3425,788400,105120,0.9674181887366818
2023,S113,101942,2023-01-01 00:00:00,2023-12-31 23:55:00,27,3178,788400,105120,0.9697678843226788
2023,S121,99997,2023-01-01 00:00:00,2023-12-31 23:55:00,31,5123,788400,105120,0.9512652207001522
2023,S205,82067,2023-01-01 00:00:00,2023-10-23 10:35:00,11,3021,788400,85088,0.9644955810455058
2023,S219,102007,2023-01-01 00:00:00,2023-12-31 23:55:00,20,3113,788400,105120,0.9703862252663622
2023,S44,86749,2023-01-01 00:00:00,2023-12-31 23:55:00,78,18371,3121500,105120,0.8252378234398783
2023,S69,101673,2023-01-01 00:00:00,2023-12-31 23:55:00,22,3447,788400,105120,0.967208904109589
2023,S77,102010,2023-01-01 00:00:00,2023-12-31 23:55:00,19,3110,788400,105120,0.9704147640791476
2023,S81,102007,2023-01-01 00:00:00,2023-12-31 23:55:00,18,3113,788400,105120,0.9703862252663622
2023,S107,101620,2023-01-01 00:00:00,2023-12-31 23:55:00,28,3500,788400,105120,0.9667047184170472
2023,S108,33928,2023-01-01 00:00:00,2023-05-10 15:30:00,7,3411,984900,37339,0.9086477945311873
2023,S203,102015,2023-01-01 00:00:00,2023-12-31 23:55:00,16,3105,788400,105120,0.9704623287671232
2023,S227,102015,2023-01-01 00:00:00,2023-12-31 23:55:00,16,3105,788400,105120,0.9704623287671232
2023,S229,102015,2023-01-01 00:00:00,2023-12-31 23:55:00,16,3105,788400,105120,0.9704623287671232
2023,S35,101720,2023-01-01 00:00:00,2023-12-31 23:55:00,32,3400,788400,105120,0.9676560121765602
2023,S50,101941,2023-01-01 00:00:00,2023-12-31 23:55:00,23,3179,788400,105120,0.9697583713850837
2023,S60,99489,2023-01-01 00:00:00,2023-12-31 23:55:00,40,5631,788400,105120,0.9464326484018265
2023,S91,1,2023-02-21 14:40:00,2023-02-21 14:40:00,,,,1,1.0
2023,S111,95324,2023-01-01 00:00:00,2023-12-31 23:55:00,84,9796,1186800,105120,0.9068112633181127
2023,S112,100757,2023-01-01 00:00:00,2023-12-31 23:55:00,78,4363,788400,105120,0.9584950532724505
2023,S114,101719,2023-01-01 00:00:00,2023-12-31 23:55:00,25,3401,788400,105120,0.967646499238965
2023,S217,102013,2023-01-01 00:00:00,2023-12-31 23:55:00,17,3107,788400,105120,0.970443302891933
2023,S24,94940,2023-01-01 00:00:00,2023-12-31 23:55:00,32,10180,2879400,105120,0.903158295281583
2023,S64,102005,2023-01-01 00:00:00,2023-12-31 23:55:00,22,3115,788400,105120,0.970367199391172
2023,S84,97594,2023-01-01 00:00:00,2023-12-31 23:55:00,530,7526,788400,105120,0.9284056316590563
2023,S08,101813,2023-01-01 00:00:00,2023-12-31 23:55:00,21,3307,788400,105120,0.9685407153729072
2023,S100,33990,2023-01-01 00:00:00,2023-05-12 16:45:00,21,3940,788400,37930,0.8961244397574479
2023,S204,82693,2023-01-01 00:00:00,2023-10-25 15:00:00,13,3024,788400,85717,0.9647211171646232
2023,S211,102015,2023-01-01 00:00:00,2023-12-31 23:55:00,16,3105,788400,105120,0.9704623287671232
2023,S212,102015,2023-01-01 00:00:00,2023-12-31 23:55:00,16,3105,788400,105120,0.9704623287671232
2023,S215,101375,2023-01-01 00:00:00,2023-12-31 23:55:00,48,3745,788400,105120,0.9643740487062404
2023,S230,102015,2023-01-01 00:00:00,2023-12-31 23:55:00,16,3105,788400,105120,0.9704623287671232
2023,S89,101370,2023-01-01 00:00:00,2023-12-31 23:55:00,40,3750,788400,105120,0.9643264840182648
2023,S120,101981,2023-01-01 00:00:00,2023-12-31 23:55:00,47,3139,788400,105120,0.9701388888888889
2023,S213,102014,2023-01-01 00:00:00,2023-12-31 23:55:00,17,3106,788400,105120,0.9704528158295281
2023,S223,102015,2023-01-01 00:00:00,2023-12-31 23:55:00,16,3105,788400,105120,0.9704623287671232
2023,S226,102003,2023-01-01 00:00:00,2023-12-31 23:55:00,17,3117,788400,105120,0.9703481735159817
2023,S66,101559,2023-01-01 00:00:00,2023-12-31 23:55:00,179,3561,788400,105120,0.9661244292237443
2023,S90,102007,2023-01-01 00:00:00,2023-12-31 23:55:00,22,3113,788400,105120,0.9703862252663622
2023,S07,70619,2023-04-13 19:40:00,2023-12-31 23:55:00,125,4889,1260000,75508,0.9352518938390634
2023,S201,101976,2023-01-01 00:00:00,2023-12-31 23:55:00,20,3144,788400,105120,0.9700913242009133
2023,S224,102015,2023-01-01 00:00:00,2023-12-31 23:55:00,16,3105,788400,105120,0.9704623287671232
2023,S78,101720,2023-01-01 00:00:00,2023-12-31 23:55:00,88,3400,788400,105120,0.9676560121765602
2023,S94,102005,2023-01-01 00:00:00,2023-12-31 23:55:00,26,3115,788400,105120,0.970367199391172
2023,S115,97259,2023-01-01 00:00:00,2023-12-31 23:55:00,94,7861,788400,105120,0.925218797564688
2023,S116,95510,2023-01-01 00:00:00,2023-12-31 23:55:00,40,9610,1328700,105120,0.9085806697108066
2023,S123,101101,2023-01-01 00:00:00,2023-12-31 23:55:00,324,4019,788400,105120,0.9617675038051751
2023,S222,102014,2023-01-01 00:00:00,2023-12-31 23:55:00,17,3106,788400,105120,0.9704528158295281
2023,S40,99945,2023-01-01 00:00:00,2023-12-31 23:55:00,111,5175,788400,105120,0.9507705479452054
2023,S79,101128,2023-01-01 00:00:00,2023-12-31 23:55:00,546,3992,788400,105120,0.9620243531202435
2023,S104,101914,2023-01-01 00:00:00,2023-12-31 23:55:00,22,3206,788400,105120,0.9695015220700153
2023,S109,93470,2023-01-01 00:00:00,2023-12-31 23:55:00,59,11650,2194200,105120,0.8891742770167428
2023,S119,101945,2023-01-01 00:00:00,2023-12-31 23:55:00,80,3175,788400,105120,0.9697964231354642
2023,S207,102011,2023-01-01 00:00:00,2023-12-31 23:55:00,18,3109,788400,105120,0.9704242770167427
2023,S210,102014,2023-01-01 00:00:00,2023-12-31 23:55:00,17,3106,788400,105120,0.9704528158295281
2023,S218,101978,2023-01-01 00:00:00,2023-12-31 23:55:00,29,3142,788400,105120,0.9701103500761035
2023,S228,102015,2023-01-01 00:00:00,2023-12-31 23:55:00,16,3105,788400,105120,0.9704623287671232
2023,S88,100901,2023-01-01 00:00:00,2023-12-31 23:55:00,322,4219,788400,105120,0.9598649162861491
2023,S102,12741,2023-01-01 00:00:00,2023-05-18 12:40:00,26,26868,6824700,39609,0.32166931757933803
2023,S106,52339,2023-01-01 00:00:00,2023-07-18 05:00:00,257,4746,788400,57085,0.9168608215818517
2023,S209,101103,2023-01-01 00:00:00,2023-12-31 23:55:00,18,4017,788400,105120,0.9617865296803653
2023,S216,102013,2023-01-01 00:00:00,2023-12-31 23:55:00,17,3107,788400,105120,0.970443302891933
2023,S33,89283,2023-01-01 00:00:00,2023-12-31 23:55:00,50,15837,3809100,105120,0.849343607305936
2023,S36,6217,2023-01-01 07:45:00,2023-12-02 07:50:00,246,90265,11743500,96482,0.06443688978255012
2023,S43,101549,2023-01-01 00:00:00,2023-12-31 23:55:00,30,3571,788400,105120,0.966029299847793
2024,S117,100037,2024-01-01 00:00:00,2024-12-31 23:55:00,217,5371,1163400,105408,0.949045613236187
2024,S118,2413,2024-01-01 00:00:00,2024-01-10 09:25:00,3,293,54600,2706,0.8917220990391722
2024,S208,105084,2024-01-01 00:00:00,2024-12-31 23:55:00,10,324,47100,105408,0.9969262295081968
2024,S214,105101,2024-01-01 00:00:00,2024-12-31 23:55:00,9,307,47100,105408,0.9970875075895568
2024,S220,105085,2024-01-01 00:00:00,2024-12-31 23:55:00,10,323,47100,105408,0.9969357164541591
2024,S221,105056,2024-01-01 00:00:00,2024-12-31 23:55:00,11,352,47100,105408,0.9966605950212507
2024,S71,100923,2024-01-01 00:00:00,2024-12-31 23:55:00,18,4485,1036500,105408,0.9574510473588342
2024,S900,103948,2024-01-01 00:00:00,2024-12-31 23:55:00,54,1460,128100,105408,0.9861490588949605
2024,S113,100691,2024-01-01 00:00:00,2024-12-31 23:55:00,40,4717,627300,105408,0.9552500758955677
2024,S121,100586,2024-01-01 00:00:00,2024-12-31 23:55:00,293,4822,522900,105408,0.9542539465695203
2024,S219,105100,2024-01-01 00:00:00,2024-12-31 23:55:00,9,308,47100,105408,0.9970780206435944
2024,S44,94894,2024-01-01 00:00:00,2024-11-30 06:30:00,30,1377,86400,96271,0.9856966272293837
2024,S69,98410,2024-01-01 00:00:00,2024-12-31 23:55:00,643,6998,816900,105408,0.9336103521554341
2024,S77,103474,2024-01-01 00:00:00,2024-12-31 23:55:00,32,1934,256500,105408,0.9816522465088039
2024,S81,104394,2024-01-01 00:00:00,2024-12-31 23:55:00,14,1014,120000,105408,0.9903802367941712
2024,S92,9346,2024-11-06 17:35:00,2024-12-31 23:55:00,3,6571,1896600,15917,0.5871709492994911
2024,S107,102038,2024-01-01 00:00:00,2024-12-31 23:55:00,525,3370,384000,105408,0.968028992106861
2024,S108,51263,2024-05-02 15:40:00,2024-11-05 21:55:00,20,2669,444900,53932,0.9505117555440183
2024,S203,100007,2024-01-01 00:00:00,2024-12-31 23:55:00,10,5401,1528500,105408,0.9487610048573163
2024,S227,105089,2024-01-01 00:00:00,2024-12-31 23:55:00,11,319,47100,105408,0.9969736642380085
2024,S229,105096,2024-01-01 00:00:00,2024-12-31 23:55:00,11,312,47100,105408,0.9970400728597449
2024,S35,104750,2024-01-01 00:00:00,2024-12-31 23:55:00,16,658,60300,105408,0.9937575895567698
2024,S50,104795,2024-01-01 00:00:00,2024-12-31 23:55:00,23,613,60300,105408,0.9941845021250759
2024,S60,94047,2024-01-01 00:00:00,2024-12-31 23:55:00,97,11361,947400,105408,0.8922188069216758
2024,S111,103201,2024-01-01 00:00:00,2024-12-31 23:55:00,20,2207,481200,105408,0.9790623102610807
2024,S112,84894,2024-01-01 00:00:00,2024-12-31 23:55:00,84,20514,3711900,105408,0.8053847905282332
2024,S114,92569,2024-01-01 00:00:00,2024-11-20 09:55:00,14,863,86400,93432,0.9907633359020465
2024,S217,105052,2024-01-01 00:00:00,2024-12-31 23:55:00,10,356,47100,105408,0.9966226472374013
2024,S24,104716,2024-01-01 00:00:00,2024-12-31 23:55:00,28,692,60300,105408,0.9934350333940498
2024,S64,104378,2024-01-01 00:00:00,2024-12-31 23:55:00,27,1030,122700,105408,0.9902284456587735
2024,S84,102069,2024-01-01 00:00:00,2024-12-31 23:55:00,513,3339,434100,105408,0.968323087431694
2024,S08,100583,2024-01-01 00:00:00,2024-12-31 23:55:00,14,4825,1143300,105408,0.9542254857316332
2024,S211,103686,2024-01-01 00:00:00,2024-12-31 23:55:00,12,1722,402900,105408,0.9836634790528234
2024,S212,62503,2024-01-01 00:00:00,2024-08-05 02:30:00,3,24,4800,62527,0.9996161658163674
2024,S215,95378,2024-01-01 00:00:00,2024-12-31 23:55:00,25,10030,968400,105408,0.9048459319975714
2024,S230,105101,2024-01-01 00:00:00,2024-12-31 23:55:00,11,307,47100,105408,0.9970875075895568
2024,S89,103787,2024-01-01 00:00:00,2024-12-31 23:55:00,19,1621,169800,105408,0.9846216605950212
2024,S06,15634,2024-11-07 15:50:00,2024-12-31 23:55:00,3,16,3900,15650,0.9989776357827476
2024,S120,31381,2024-01-01 00:00:00,2024-05-02 15:35:00,17,3943,1177200,35324,0.8883761748386366
2024,S213,104579,2024-01-01 00:00:00,2024-12-31 23:55:00,11,829,156900,105408,0.9921353217972071
2024,S223,103202,2024-01-01 00:00:00,2024-12-31 23:55:00,27,2206,411600,105408,0.9790717972070431
2024,S226,103865,2024-01-01 00:00:00,2024-12-31 23:55:00,68,1543,58500,105408,0.9853616423800851
2024,S66,101019,2024-01-01 00:00:00,2024-12-31 23:55:00,68,4389,859200,105408,0.9583617941712204
2024,S90,102547,2024-01-01 00:00:00,2024-12-31 23:55:00,23,2861,515400,105408,0.9728578476017
2024,S07,102540,2024-01-01 00:00:00,2024-12-31 23:55:00,28,2868,390000,105408,0.9727914389799636
2024,S201,105093,2024-01-01 00:00:00,2024-12-31 23:55:00,10,315,47100,105408,0.997011612021858
2024,S224,105076,2024-01-01 00:00:00,2024-12-31 23:55:00,12,332,47100,105408,0.9968503339404978
2024,S29,15655,2024-11-06 17:35:00,2024-12-31 23:55:00,3,262,47100,15917,0.9835396117358799
2024,S78,103617,2024-01-01 00:00:00,2024-12-31 23:55:00,85,1791,127500,105408,0.9830088797814208
2024,S94,95726,2024-01-01 00:00:00,2024-12-31 23:55:00,16,9682,2412600,105408,0.9081473891924712
2024,S115,101418,2024-01-01 00:00:00,2024-12-31 23:55:00,249,3990,962100,105408,0.9621470856102003
2024,S116,97235,2024-01-01 00:00:00,2024-12-31 23:55:00,25,8173,1172400,105408,0.9224631906496661
2024,S123,77942,2024-01-01 00:00:00,2024-12-31 23:55:00,449,27466,3173400,105408,0.7394315421979356
2024,S222,105035,2024-01-01 00:00:00,2024-12-31 23:55:00,13,373,47100,105408,0.9964613691560413
2024,S40,98222,2024-01-01 00:00:00,2024-12-31 23:55:00,15,7186,2049300,105408,0.9318268063145112
2024,S79,91402,2024-01-01 00:00:00,2024-12-31 23:55:00,1565,14006,814200,105408,0.8671258348512447
2024,S104,102042,2024-01-01 00:00:00,2024-12-31 23:55:00,39,3366,557700,105408,0.9680669398907104
2024,S109,103495,2024-01-01 00:00:00,2024-12-31 23:55:00,177,1913,341100,105408,0.9818514723740134
2024,S119,104287,2024-01-01 00:00:00,2024-12-31 23:55:00,110,1121,119400,105408,0.9893651335761992
2024,S207,104359,2024-01-01 00:00:00,2024-12-31 23:55:00,26,1049,86400,105408,0.9900481936854888
2024,S210,103306,2024-01-01 00:00:00,2024-12-31 23:55:00,12,2102,534600,105408,0.9800584395871281
2024,S218,105098,2024-01-01 00:00:00,2024-12-31 23:55:00,11,310,47100,105408,0.9970590467516697
2024,S228,105103,2024-01-01 00:00:00,2024-12-31 23:55:00,9,305,47100,105408,0.9971064814814815
2024,S88,102054,2024-01-01 00:00:00,2024-12-31 23:55:00,44,3354,679800,105408,0.9681807832422586
2024,S102,6569,2024-06-25 15:40:00,2024-07-18 12:50:00,18,22,1800,6591,0.9966621150053103
2024,S106,15654,2024-11-06 17:35:00,2024-12-31 23:55:00,4,263,47100,15917,0.9834767858264748
2024,S209,104978,2024-01-01 00:00:00,2024-12-31 23:55:00,21,430,47100,105408,0.995920613236187
2024,S216,105098,2024-01-01 00:00:00,2024-12-31 23:55:00,10,310,47100,105408,0.9970590467516697
2024,S33,99049,2024-01-01 00:00:00,2024-12-31 23:55:00,400,6359,1161900,105408,0.9396725106253795
2024,S43,104436,2024-01-01 00:00:00,2024-12-31 23:55:00,22,972,60900,105408,0.9907786885245902
