year,hour,observed_intervals,recorded_rainfall_mm,mean_mm_per_observed_interval,rainy_intervals,mean_positive_rainfall_mm,max_five_min_rainfall_mm,exceed_0p0_mm_intervals,exceed_0p2_mm_intervals,exceed_1p0_mm_intervals,exceed_5p0_mm_intervals,exceed_10p0_mm_intervals,rainy_fraction,exceed_0p0_mm_fraction,exceed_0p2_mm_fraction,exceed_1p0_mm_fraction,exceed_5p0_mm_fraction,exceed_10p0_mm_fraction
2017,10,219833,5127.599989999994,0.023324978460922585,7317,0.7007790064233967,9.8,7317,3542,1303,64,0,0.03328435676172367,0.03328435676172367,0.01611223064780993,0.005927226576537645,0.00029113008511006083,0.0
2017,17,223706,9868.000010000113,0.04411146777466904,11322,0.8715774606960001,14.2,11322,5202,2273,323,19,0.050611069886368716,0.050611069886368716,0.023253734812655896,0.010160657291266216,0.001443859351112621,8.493290300662476e-05
2017,1,221755,2435.5999999999904,0.010983292372212534,3489,0.6980796789911121,11.8,3489,1398,529,55,2,0.01573357985163807,0.01573357985163807,0.006304254695497283,0.0023855155464363826,0.00024802146513043673,9.018962368379518e-06
2017,12,215200,6217.799960000011,0.02889312249070637,6932,0.8969705654933657,12.0,6932,3555,1589,156,5,0.03221189591078067,0.03221189591078067,0.016519516728624534,0.007383828996282528,0.0007249070631970261,2.3234200743494423e-05
2017,13,222940,6049.399950000013,0.027134654839867284,7896,0.7661347454407311,12.4,7896,3699,1330,164,11,0.03541760114829102,0.03541760114829102,0.0165919081367184,0.005965730689871714,0.0007356239346909483,4.9340629765856284e-05
2017,15,223090,12539.999950000127,0.056210497781165124,11669,1.0746422101294135,13.8,11669,6444,2984,468,31,0.052306244116724195,0.052306244116724195,0.028885203281186964,0.013375767627414945,0.002097808059527545,0.0001389573714644314
2017,18,223645,5979.000000000014,0.02673433343021312,7455,0.8020120724346095,12.0,7455,3219,1406,165,9,0.03333407856200675,0.03333407856200675,0.01439334659840372,0.006286749088957946,0.000737776386684254,4.024234836459567e-05
2017,0,212077,2003.600019999994,0.009447512082875531,3258,0.6149785205647618,9.8,3258,1224,454,33,0,0.015362344808725132,0.015362344808725132,0.005771488657421597,0.002140731903978272,0.00015560386086185677,0.0
2017,22,221796,3426.200019999989,0.015447528449566218,3520,0.9733522784090878,18.0,3520,1825,824,113,14,0.01587043950296669,0.01587043950296669,0.008228281844577901,0.0037151256109217478,0.0005094771772259193,6.312106620498115e-05
2017,9,219088,5961.800030000009,0.027211896726429607,6749,0.883360502296638,11.6,6749,3213,1450,183,3,0.030804973344044403,0.030804973344044403,0.01466533995472139,0.00661834513985248,0.000835280800408968,1.3693127875556855e-05
2017,4,211471,2471.999999999985,0.011689546084333006,4967,0.497684719146363,8.8,4967,1721,501,24,0,0.023487854126570545,0.023487854126570545,0.008138231719715706,0.002369119170004398,0.0001134907386828454,0.0
2017,3,219760,2459.999989999991,0.011194029805242043,4249,0.5789597528830293,9.8,4249,1688,520,41,0,0.019334728795049144,0.019334728795049144,0.007681106661812887,0.0023662176920276664,0.00018656716417910448,0.0
2017,6,217878,4173.400009999979,0.019154756377422134,4934,0.8458451580867409,13.6,4934,2305,1021,110,3,0.02264570080503768,0.02264570080503768,0.010579315029511928,0.00468610873975344,0.0005048696977207427,1.3769173574202076e-05
2017,20,214672,1938.599999999995,0.009030520980845173,2911,0.6659567159051855,9.39999,2911,1133,423,35,0,0.013560222106283073,0.013560222106283073,0.005277819184616532,0.0019704479391816354,0.00016303942759186108,0.0
2017,14,223068,8452.999970000063,0.037894274257177465,9473,0.8923255536788834,16.6,9473,4549,1978,267,25,0.04246687108863665,0.04246687108863665,0.02039288468090448,0.008867251241773809,0.0011969444295013179,0.00011207344845517959
2017,16,213423,13528.200080000153,0.06338679561246985,12416,1.089577970360837,13.8,12416,6959,3344,498,18,0.05817554808994345,0.05817554808994345,0.03260660753527033,0.015668414369585285,0.0023333942452313013,8.433955103245668e-05
2017,11,221111,5085.79997999999,0.02300111699553613,6397,0.795028916679692,9.8,6397,3089,1276,113,0,0.028931170317171014,0.028931170317171014,0.013970358779074763,0.00577085717128501,0.0005110555331937353,0.0
2017,19,223188,4027.4000299999816,0.01804487709912711,4809,0.8374714140153839,14.6,4809,1940,958,130,5,0.02154685735792247,0.02154685735792247,0.008692223596250695,0.004292345466602147,0.0005824685915013352,2.2402638134666738e-05
2017,5,217938,3887.1999999999784,0.017836265359872892,5055,0.7689812067260096,10.2,5055,2200,934,83,1,0.02319467004377392,0.02319467004377392,0.01009461406455047,0.004285622516495517,0.0003808422578898586,4.5884609384320314e-06
2017,7,217339,5359.399989999994,0.024659172951011988,6548,0.8184789233353688,11.6,6548,3473,1290,118,6,0.030128048808543334,0.030128048808543334,0.015979644702515425,0.0059354280639921965,0.0005429306291093637,2.760664215810324e-05
2017,2,220734,3237.0000099999857,0.014664709605226135,3800,0.851842107894733,8.60001,3800,1776,853,75,0,0.017215290802504373,0.017215290802504373,0.00804588328032836,0.0038643797511937446,0.00033977547636521784,0.0
2017,23,222003,3031.999999999986,0.013657473097210335,4180,0.7253588516746378,10.8,4180,1867,720,65,3,0.01882857438863439,0.01882857438863439,0.00840979626401445,0.003243199416224105,0.00029278883618689836,1.351333090093377e-05
2017,8,208249,4534.600009999973,0.021774894525303713,6825,0.6644102578754539,12.2,6825,2835,961,95,2,0.0327732666183271,0.0327732666183271,0.013613510749151257,0.00461466801761353,0.0004561846635518058,9.603887653722227e-06
2017,21,222056,1526.0000099999975,0.006872140406023694,2523,0.6048355172413783,12.0,2523,838,278,45,6,0.011361998775083763,0.011361998775083763,0.0037738228194689628,0.0012519364484634506,0.0002026515833843715,2.70202111179162e-05
2018,7,190498,4347.438989999981,0.022821441642431838,6204,0.700747741779494,10.2,6204,2948,1070,57,2,0.03256727104746507,0.03256727104746507,0.015475228086384109,0.005616856869888397,0.00029921573979779315,1.0498797887641865e-05
2018,11,192761,4114.6550099999795,0.021345889521220473,5705,0.7212366362839578,12.4,5705,2582,987,80,4,0.029596235753082834,0.029596235753082834,0.01339482571682031,0.0051203303572818154,0.00041502171082324744,2.075108554116237e-05
2018,8,183036,4651.569039999986,0.025413410695163716,6494,0.7162871943332285,11.6,6494,2987,1030,110,5,0.0354793592517319,0.0354793592517319,0.016319194038331257,0.005627308289079744,0.000600974671649293,2.731703052951332e-05
2018,21,193977,1081.792000000002,0.005576908602566294,2090,0.5176038277511971,10.4,2090,625,211,15,1,0.010774473262293983,0.010774473262293983,0.003222031477958727,0.0010877578269588664,7.732875547100946e-05,5.155250364733963e-06
2018,6,190485,5349.535020000008,0.02808375998110092,5348,1.0002870269259552,12.0,5348,2492,1261,196,5,0.02807570149880568,0.02807570149880568,0.013082394939234061,0.006619943827597973,0.0010289524109509936,2.6248785993647795e-05
2018,14,194647,11183.3929600001,0.057454740941294234,9227,1.2120291492359487,14.6,9227,5343,2769,460,40,0.04740376168140274,0.04740376168140274,0.027449690979054392,0.01422575225921797,0.0023632524518744187,0.0002055002132064712
2018,12,186615,3381.866899999978,0.018122160062159946,5013,0.6746193696389344,13.7835,5013,2027,746,79,4,0.026862792380033758,0.026862792380033758,0.010861934999866034,0.00399753503201779,0.00042333145781421643,2.143450419312488e-05
2018,18,196881,6302.885990000047,0.03201368334171427,8309,0.7585613178481222,12.4,8309,3710,1441,165,10,0.04220315825295483,0.04220315825295483,0.01884387015506829,0.007319142019798761,0.0008380696969235224,5.079210284384984e-05
2018,1,190086,999.6239900000018,0.005258798596424786,1841,0.5429788104291156,8.8,1841,652,213,8,0,0.009685089906673822,0.009685089906673822,0.0034300264090990394,0.0011205454373283672,4.208621360857717e-05,0.0
2018,2,191163,1535.9350099999965,0.00803468772722753,2583,0.5946322144792863,9.2,2583,976,307,31,0,0.0135120290014281,0.0135120290014281,0.005105590516993351,0.0016059593122099989,0.00016216527256843636,0.0
2018,3,190860,2986.7419999999834,0.015648863040972353,4447,0.6716307623116671,9.0,4447,2043,718,41,0,0.023299800901184112,0.023299800901184112,0.010704181075133606,0.003761919731740543,0.0002148171434559363,0.0
2018,22,195224,972.4000000000026,0.004980944965782909,2018,0.48186323092170597,6.6,2018,534,196,10,0,0.010336843830676555,0.010336843830676555,0.002735319427939188,0.0010039749211162561,5.122321026103348e-05,0.0
2018,10,192174,5614.010020000018,0.029213161093592357,5769,0.9731339954931562,13.0,5769,2929,1377,173,11,0.030019669674357614,0.030019669674357614,0.015241395818372933,0.0071653813731306,0.0009002258370018838,5.723979310416602e-05
2018,20,187515,1163.0279900000007,0.006202319761085783,2075,0.5604954168674702,9.8,2075,690,237,19,0,0.011065781404154333,0.011065781404154333,0.003679705623550116,0.001263898888088953,0.00010132522731514812,0.0
2018,19,196592,2610.3989999999853,0.013278256490599747,4191,0.622858267716532,10.0,4191,1578,584,45,0,0.02131826320501343,0.02131826320501343,0.008026776267599902,0.002970619353788557,0.00022890046390494019,0.0
2018,4,185585,4607.322009999991,0.024825939650294962,5864,0.7856961135743504,13.0,5864,2619,1111,120,4,0.03159738125387289,0.03159738125387289,0.014112131907212328,0.005986475200043107,0.0006466039820028558,2.155346606676186e-05
2018,13,191947,5441.103000000007,0.028346903051363174,6186,0.8795834141610099,13.0,6186,2977,1314,171,8,0.032227646173162386,0.032227646173162386,0.015509489598691306,0.00684563968178716,0.0008908709174928496,4.1678171578612845e-05
2018,5,189607,4124.909999999978,0.021755051237559678,5880,0.7015153061224453,12.2,5880,2369,917,98,2,0.03101151328801152,0.03101151328801152,0.012494264452261783,0.004836319334201796,0.0005168585548001919,1.0548133771432489e-05
2018,17,195285,11948.566060000134,0.06118527311365509,11225,1.0644602280623727,15.6,11225,6050,2901,422,29,0.057480093197122155,0.057480093197122155,0.030980362034974524,0.014855211613795223,0.002160944260951942,0.00014850090892797705
2018,0,188015,712.8180000000017,0.0037912826104300277,1498,0.47584646194926683,6.0,1498,466,139,4,0,0.007967449405632529,0.007967449405632529,0.0024785256495492383,0.0007393027152088929,2.12748982793926e-05,0.0
2018,9,190106,5167.984010000006,0.02718474961337362,5567,0.9283247727680988,13.0,5567,2594,1244,175,5,0.029283662798649173,0.029283662798649173,0.013645019094610375,0.0065437177153798405,0.0009205390676780323,2.630111621937235e-05
2018,23,195546,574.0450000000012,0.0029356008304951327,1320,0.43488257575757666,6.4,1320,277,101,6,0,0.006750329845662913,0.006750329845662913,0.0014165464903398688,0.0005165025109181472,3.068331748028597e-05,0.0
2018,15,196441,13577.296130000146,0.06911640711460514,11814,1.1492547934653925,11.8,11814,6867,3453,486,14,0.060140194765858454,0.060140194765858454,0.03495706089869223,0.01757779689576005,0.00247402527985502,7.126821793821046e-05
2018,16,189200,12713.293970000155,0.06719499984143845,11756,1.081430245831929,12.6,11756,6422,3168,469,18,0.0621353065539112,0.0621353065539112,0.03394291754756871,0.01674418604651163,0.0024788583509513743,9.513742071881606e-05
2019,14,211210,6956.49798000003,0.032936404431608494,6591,1.0554541010468868,14.6,6591,3765,1726,235,20,0.031205908811135837,0.031205908811135837,0.0178258605179679,0.008171961554850622,0.0011126367122768809,9.46924861512239e-05
2019,4,207375,3798.367009999983,0.018316417166967972,4741,0.8011742269563348,10.2,4741,2585,958,71,1,0.02286196503918023,0.02286196503918023,0.012465340566606389,0.004619650391802291,0.00034237492465340565,4.822182037371911e-06
2019,19,211433,2290.5910199999917,0.01083364952490856,2914,0.7860641798215483,12.4,2914,1334,538,64,1,0.013782143752394376,0.013782143752394376,0.0063093273046307815,0.0025445412967701354,0.00030269636244105696,4.729630663141515e-06
2019,13,211224,5765.278030000011,0.027294616284134432,5460,1.0559117271062293,11.4,5460,3069,1450,204,6,0.0258493353028065,0.0258493353028065,0.014529598909214863,0.006864750217778283,0.000965799340983979,2.840586297011703e-05
2019,9,208312,3299.948009999987,0.015841372604554642,3939,0.8377628865194179,10.4,3939,2140,838,63,1,0.018909136295556666,0.018909136295556666,0.010273051960520757,0.004022811935942241,0.00030243096893121853,4.800491570336803e-06
2019,7,206487,2068.383969999993,0.010017017875217292,3431,0.6028516380064101,11.6,3431,1716,342,55,1,0.016616058153782077,0.016616058153782077,0.00831045053683767,0.0016562786034956195,0.0002663605941294125,4.842919893262046e-06
2019,15,212118,8774.87000000006,0.04136787071347109,7876,1.114127729812095,15.4,7876,4437,2242,291,24,0.03713027654418767,0.03713027654418767,0.020917602466551638,0.010569588625199182,0.0013718779170084575,0.00011314457047492434
2019,21,210567,1071.7000000000023,0.005089591436454916,2167,0.49455468389478646,11.0,2167,889,180,11,1,0.010291261213770438,0.010291261213770438,0.004221934111233004,0.0008548348031742866,5.2239904638428626e-05,4.749082239857148e-06
2019,11,209629,3665.739999999979,0.01748679810522389,5023,0.7297909615767427,11.0,5023,2562,903,65,2,0.023961379389302054,0.023961379389302054,0.012221591478278292,0.004307610111196447,0.0003100716026885593,9.540664698109517e-06
2019,0,209201,871.0599900000014,0.004163746779413107,1307,0.6664575286916614,9.2,1307,581,196,16,0,0.006247580078489108,0.006247580078489108,0.002777233378425533,0.0009368980071796979,7.64814699738529e-05,0.0
2019,6,206637,1411.105999999998,0.0068289125374448815,4021,0.3509340959960204,6.6,4021,1393,135,4,0,0.0194592449561308,0.0194592449561308,0.0067412902819920925,0.0006533195894249335,1.9357617464442475e-05,0.0
2019,17,211635,6437.328000000028,0.03041712382167424,6893,0.9338935151603116,14.2,6893,3549,1561,201,8,0.032570227041840906,0.032570227041840906,0.016769437947409455,0.007375906631700806,0.0009497483875540435,3.780093084792213e-05
2019,18,211701,4493.20399999999,0.02122429275251411,4821,0.9320066376270462,12.6,4821,2296,1077,153,10,0.02277268411580484,0.02277268411580484,0.01084548490559799,0.005087363781937733,0.0007227174174897615,4.7236432515670685e-05
2019,3,207660,3612.466969999989,0.01739606553982466,3619,0.9981947969052194,11.0,3619,2253,960,91,3,0.01742752576326688,0.01742752576326688,0.01084946547240682,0.004622941346431667,0.0004382163151305018,1.444669170759896e-05
2019,8,207608,1900.2140099999965,0.009152893963623735,3253,0.5841420258223168,9.60001,3253,1664,383,25,0,0.01566895302685831,0.01566895302685831,0.008015105390929058,0.0018448229355323494,0.00012041925166660245,0.0
2019,10,208488,5360.078010000003,0.025709287872683333,5448,0.983861602422908,14.2,5448,3135,1419,146,3,0.026131000345343616,0.026131000345343616,0.015036836652469207,0.0068061471163807985,0.0007002801120448179,1.438931737078393e-05
2019,1,208517,817.2369800000021,0.003919282264755401,1457,0.5609038984214153,9.39999,1457,700,146,15,0,0.0069874398730079565,0.0069874398730079565,0.0033570404331541314,0.0007001827189150045,7.193658071044567e-05,0.0
2019,2,207820,1649.6519899999973,0.00793788850928687,2156,0.7651447077922066,12.6,2156,1123,369,40,2,0.010374362429025117,0.010374362429025117,0.005403714753151766,0.0017755750168414975,0.000192474256568184,9.6237128284092e-06
2019,20,210112,962.744010000003,0.0045820515249010195,1984,0.48525403729838856,9.60001,1984,698,190,12,0,0.009442583003350593,0.009442583003350593,0.0033220377703320134,0.0009042796222966799,5.7112397197685046e-05,0.0
2019,5,206969,2884.943989999982,0.013939014973256779,4597,0.627571022405913,10.4,4597,2027,628,53,1,0.022211055761974016,0.022211055761974016,0.009793737226347908,0.0030342708328300375,0.0002560769970382038,4.831641453551015e-06
2019,16,211904,8743.520050000063,0.0412617036488224,7877,1.110006353941864,13.6,7877,4470,2206,315,12,0.03717249320446995,0.03717249320446995,0.021094457867713683,0.010410374509211718,0.001486522198731501,5.662941709453337e-05
2019,12,210561,3831.413989999981,0.01819621862548136,4730,0.8100240993657465,10.0,4730,2535,927,84,0,0.02246379908910007,0.02246379908910007,0.012039266530839044,0.004402524684058301,0.0003989342755780985,0.0
2019,23,209585,717.4809900000009,0.0034233413173652737,1122,0.6394661229946532,8.39999,1122,348,131,20,0,0.0053534365531884434,0.0053534365531884434,0.0016604241715771643,0.0006250447312546222,9.542667652742324e-05,0.0
2019,22,210109,999.1120000000016,0.004755208011079971,1855,0.5386048517520224,9.8,1855,760,184,15,0,0.008828750791255967,0.008828750791255967,0.003617170135501097,0.0008757359275423709,7.13915158322585e-05,0.0
2020,6,260555,6373.618950000026,0.02446170271151974,7460,0.8543725134048292,13.8,7460,4395,1580,187,15,0.028631191111281686,0.028631191111281686,0.016867839803496383,0.0060639788144537625,0.0007176987584195275,5.756941912456103e-05
2020,1,262861,2920.3770399999853,0.011109967016788284,5149,0.5671736337152816,11.4,5149,2458,601,58,1,0.01958829951951792,0.01958829951951792,0.009350949741498358,0.0022863794933443912,0.0002206489361297416,3.8042920022369237e-06
2020,4,261701,3447.7879999999805,0.013174531239849983,5594,0.6163367894172292,11.2,5594,3099,826,31,1,0.021375539260453724,0.021375539260453724,0.011841758342535948,0.0031562737628056444,0.00011845579497212467,3.8211546765201505e-06
2020,20,264005,3603.4129899999803,0.01364903312437257,5259,0.6851897680167295,20.6,5259,2702,845,76,3,0.0199200772712638,0.0199200772712638,0.010234654646692298,0.003200696956497036,0.0002878733357322778,1.1363421147326756e-05
2020,2,262286,1842.7729999999901,0.00702581533135581,3691,0.49926117583310486,9.60001,3691,1456,394,21,0,0.014072424757707236,0.014072424757707236,0.005551192210030273,0.001502177012879071,8.0065272260052e-05,0.0
2020,3,265224,4102.614009999986,0.015468487052453721,5401,0.7596026680244373,11.0,5401,3174,1113,72,1,0.020363918800711853,0.020363918800711853,0.011967242783458511,0.004196452809700479,0.0002714686453714596,3.770397852381383e-06
2020,10,263464,7419.416990000055,0.028161027654632343,9427,0.7870390357483882,11.6,9427,5613,1948,124,2,0.03578097956457049,0.03578097956457049,0.021304618467798256,0.007393799532383931,0.00047065253696899765,7.591169951112866e-06
2020,22,264810,2069.039999999991,0.007813300101959861,3529,0.5862964012468096,11.0,3529,1528,427,53,2,0.013326536006948378,0.013326536006948378,0.005770174842339791,0.0016124768702088289,0.00020014349911257127,7.552584872172501e-06
2020,17,267856,10846.393970000097,0.040493376926408586,12133,0.8939581282452895,13.0,12133,7025,2665,309,9,0.04529672659936682,0.04529672659936682,0.026226778567588555,0.009949375784003345,0.0011536049220476673,3.3600143360611675e-05
2020,7,260740,6216.345050000026,0.02384116380302227,7671,0.8103695802372606,13.398,7671,4241,1431,205,12,0.029420111988954514,0.029420111988954514,0.016265245071718955,0.005488225818823349,0.0007862238244995014,4.602285801948301e-05
2020,21,265427,2951.278969999988,0.011118985521442762,4004,0.7370826598401569,11.4,4004,2031,716,72,3,0.015085126984067183,0.015085126984067183,0.0076518214047553565,0.0026975401899580675,0.0002712610246885208,1.1302542695355032e-05
2020,12,263275,8148.473010000065,0.03095042449909815,10322,0.789427728153465,11.88,10322,5991,2058,180,7,0.0392061532617985,0.0392061532617985,0.02275567372519229,0.007816921469945875,0.000683695755388852,2.658816826512202e-05
2020,15,264951,20351.693059999976,0.07681304490264229,15297,1.3304368869713,14.4,15297,10273,4912,979,92,0.057735203867885006,0.057735203867885006,0.03877320712131677,0.01853927707387404,0.003695022853282305,0.00034723401685594695
2020,18,266925,6905.888020000036,0.025872016558958644,8585,0.8044132813046052,11.6,8585,4666,1666,204,6,0.03216259248852674,0.03216259248852674,0.01748056570197621,0.006241453591832912,0.0007642596234897443,2.2478224220286598e-05
2020,16,266375,17016.05198000012,0.06388006374472124,15227,1.11749208511198,14.4,15227,9694,4222,655,29,0.057163772876583765,0.057163772876583765,0.03639230408259033,0.01584983575786016,0.0024589394650398875,0.00010886907555138433
2020,9,264193,6748.191960000035,0.025542659949355336,8451,0.7985081008164755,13.869,8451,4920,1631,179,5,0.03198797848542543,0.03198797848542543,0.018622749277989955,0.006173517087886507,0.0006775349838943499,1.8925558209339384e-05
2020,14,264660,12497.197980000117,0.04721982158240806,13291,0.9402752223309094,13.4,13291,7757,2949,465,23,0.05021914909695458,0.05021914909695458,0.02930930250132245,0.011142598050328724,0.0017569712083427794,8.69039522406106e-05
2020,0,263524,4058.5820199999844,0.015401185546667417,5298,0.7660592714231756,19.6,5298,3023,1006,86,5,0.020104430715987918,0.020104430715987918,0.011471440931376269,0.003817489109151349,0.00032634598746224253,1.8973603922223404e-05
2020,13,264066,9779.70092000009,0.03703506290094177,12444,0.7858968916747099,12.2,12444,7443,2397,255,5,0.04712458249074095,0.04712458249074095,0.028186135284360727,0.009077276135511576,0.0009656676739905933,1.893466027432536e-05
2020,8,262834,7054.560000000033,0.026840363118926902,8470,0.8328878394332979,10.692,8470,5209,1744,179,2,0.0322256633464468,0.0322256633464468,0.019818592723924607,0.006635366809469094,0.0006810382218434449,7.609365607189329e-06
2020,23,264279,3959.8180399999874,0.014983475947767274,4030,0.9825851215880862,13.8,4030,2163,1021,119,7,0.015249036056591708,0.015249036056591708,0.008184532255684334,0.0038633413929975518,0.0004502817098596559,2.648715940350917e-05
2020,11,263040,7345.903970000052,0.02792694635796857,9738,0.7543544844937412,11.8,9738,5690,1903,129,5,0.03702098540145985,0.03702098540145985,0.02163169099756691,0.007234641119221411,0.0004904197080291971,1.900851581508516e-05
2020,5,261012,5387.686979999999,0.020641529814721157,5730,0.9402595078534028,12.6,5730,3400,1484,126,1,0.02195301365454462,0.02195301365454462,0.013026221016658238,0.005685562349623772,0.00048273642591145237,3.831241475487717e-06
2020,19,266410,4746.655019999989,0.01781710528884047,6502,0.7300299938480451,11.8,6502,3453,1106,109,6,0.024405990766112384,0.024405990766112384,0.012961225179235014,0.004151495814721669,0.0004091438009083743,2.252167711422244e-05
2021,1,293516,2715.949999999992,0.00925315826053773,3719,0.7302904006453327,10.0,3719,2495,790,22,0,0.012670518813284454,0.012670518813284454,0.008500388394499788,0.002691505744150234,7.495332452063942e-05,0.0
2021,9,292358,10754.287920000055,0.03678465415689003,10128,1.0618372748815221,12.261,10128,7186,2678,384,9,0.03464245890312562,0.03464245890312562,0.024579453957134744,0.009160002462734046,0.0013134581574644785,3.078417556557371e-05
2021,17,294396,11288.443880000112,0.038344420032881264,13930,0.8103692663316663,16.6,13930,8479,2744,310,17,0.047317218983953586,0.047317218983953586,0.028801342409543608,0.009320778814929551,0.0010530034375467057,5.774534980094838e-05
2021,19,293855,5225.824030000019,0.0177836825304998,6683,0.7819578078707196,18.4,6683,4138,1336,116,5,0.02274250906059111,0.02274250906059111,0.014081775025097411,0.004546459988769971,0.00039475251399499756,1.7015194568749894e-05
2021,18,294178,9239.145970000069,0.03140665165308102,10627,0.8694030271948874,15.631,10627,6483,2185,316,24,0.03612438727573102,0.03612438727573102,0.022037677868501384,0.0074274758819490245,0.0010741795783505224,8.158325911522955e-05
2021,6,292567,6294.395980000037,0.021514374416800378,8309,0.7575395330364709,13.8,8309,5575,1586,114,3,0.028400332231591396,0.028400332231591396,0.019055464218452525,0.005420980493357077,0.0003896543355880875,1.0254061462844409e-05
2021,5,292830,6451.5780200000345,0.022031820578492758,7290,0.8849901262002791,15.2,7290,4849,1664,149,7,0.024894990267390636,0.024894990267390636,0.01655909572106683,0.005682477888194515,0.0005088276474404944,2.3904654577741352e-05
2021,15,294336,18670.1568899999,0.06343144192351564,17366,1.0750982891857594,15.4,17366,11967,4756,639,69,0.05900059795607741,0.05900059795607741,0.04065761578604044,0.016158404000869753,0.0021709882583170253,0.00023442596216568818
2021,21,294196,3728.5309899999784,0.012673629111204702,5832,0.6393228720850443,11.0,5832,3122,757,108,4,0.019823519014534528,0.019823519014534528,0.010611972970400686,0.0025731145222912615,0.0003671022039728616,1.3596377924920801e-05
2021,2,293594,3005.582989999987,0.010237208491999111,4162,0.7221487241710686,11.2,4162,2521,682,68,2,0.014176039019870978,0.014176039019870978,0.00858668773885025,0.002322935754817878,0.00023161236265046287,6.812128313248908e-06
2021,12,293512,11818.388990000089,0.040265437154188205,12016,0.9835543433755067,18.2,12016,7914,2931,403,37,0.04093870097304369,0.04093870097304369,0.026963122461773282,0.009985963095205648,0.0013730273378941918,0.00012605958189103
2021,22,294097,2470.2900099999897,0.008399575684212996,4041,0.6113066097500593,9.60001,4041,2078,555,53,0,0.013740364573593067,0.013740364573593067,0.007065696011860033,0.0018871324766998644,0.00018021265092809516,0.0
2021,16,294493,17502.385950000036,0.05943226477369593,17247,1.0148075578361475,22.2,17247,11493,4089,705,66,0.05856505927135789,0.05856505927135789,0.03902639451531955,0.013884880115995967,0.002393944847585511,0.00022411398573140957
2021,3,293419,5535.9389500000125,0.018867009123471938,5166,1.071610327138988,14.8,5166,3495,1290,238,8,0.017606221819309587,0.017606221819309587,0.01191129408797658,0.004396443311442,0.0008111267504830976,2.7264764722120926e-05
2021,7,292632,5996.040980000033,0.020490038615052466,7508,0.798620269046355,10.1,7508,4864,1333,178,1,0.025656797616118537,0.025656797616118537,0.01662155881790098,0.004555209273080183,0.0006082725060827251,3.417261270127669e-06
2021,10,293116,10727.256980000097,0.036597309529333426,12709,0.8440677456920369,12.663,12709,8268,2670,285,9,0.043358260893298216,0.043358260893298216,0.02820726265369342,0.009109021684247874,0.0009723113033747731,3.0704567474992835e-05
2021,11,293241,8787.574000000064,0.02996707145317355,11338,0.7750550361615862,14.6,11338,6958,2170,223,9,0.03866444323951971,0.03866444323951971,0.023727923448630988,0.007400056608727975,0.0007604666468877135,3.069147902237409e-05
2021,13,293790,13458.8330700001,0.04581106596548589,13825,0.9735141461121231,26.4,13825,9291,3308,469,26,0.04705742196807243,0.04705742196807243,0.03162462983763913,0.011259743354096463,0.0015963783654991662,8.8498587426393e-05
2021,23,293911,1780.9990099999939,0.006059654147003664,2740,0.6499996386861292,11.4,2740,1408,439,35,1,0.009322550023646615,0.009322550023646615,0.0047905658515673116,0.0014936494380952056,0.00011908366818526698,3.402390519579056e-06
2021,0,293995,4384.087999999996,0.014912117553019596,3859,1.1360684115055704,10.0,3859,2711,1327,106,0,0.013126073572679808,0.013126073572679808,0.009221245259273116,0.004513682205479685,0.0003605503494957397,0.0
2021,4,293106,5326.399990000009,0.01817226528969045,5871,0.907238969511158,14.4,5871,3920,1331,145,5,0.020030296206833022,0.020030296206833022,0.013374001214577661,0.004541019289949711,0.0004947015755392247,1.7058675018593957e-05
2021,14,294092,17824.991869999994,0.0606102575724603,15659,1.138322489941886,15.8,15659,10431,4350,752,76,0.05324524298518831,0.05324524298518831,0.03546849285257674,0.0147912898004706,0.0025570229724031935,0.0002584225344450036
2021,20,293674,3777.4659999999835,0.012862786627348636,5390,0.7008285714285684,13.8,5390,3067,765,132,10,0.01835368469799846,0.01835368469799846,0.010443553055428809,0.002604929275318891,0.00044947799260404393,3.4051363076063934e-05
2021,8,291742,8479.148960000044,0.02906386108273764,9094,0.9323893732131124,19.6,9094,6061,1950,314,29,0.031171377449938645,0.031171377449938645,0.020775205489782067,0.006683987907123417,0.001076293437352181,9.940289708029698e-05
2022,9,297088,9466.956970000076,0.03186583426459526,10931,0.866065041624744,13.056,10931,7141,2465,234,15,0.036793811934510985,0.036793811934510985,0.02403664907367514,0.008297204868591125,0.0007876454114605773,5.049009047824214e-05
2022,17,299695,16107.52505000012,0.05374639233220481,15477,1.0407394876268088,20.2,15477,10108,4001,612,46,0.05164250321159846,0.05164250321159846,0.033727623083468196,0.013350239410066902,0.002042076110712558,0.00015348938087055174
2022,15,298445,18852.94900999988,0.0631705976310539,16546,1.1394263876465538,16.548,16546,11183,4629,785,88,0.055440700966677275,0.055440700966677275,0.03747089078389653,0.015510395550268894,0.0026303003903566822,0.00029486169981068536
2022,20,296133,2934.099969999988,0.009908047971688356,3884,0.755432536045311,37.2,3884,2128,621,100,12,0.013115728405817656,0.013115728405817656,0.00718596036240473,0.0020970307260588994,0.0003376861072558614,4.052233287070337e-05
2022,3,295969,6887.172030000055,0.023269910125722812,8083,0.8520564184090134,13.2,8083,4896,1744,186,8,0.02731029263199862,0.02731029263199862,0.01654227300832182,0.005892509012768229,0.0006284441951690886,2.7029857856734997e-05
2022,13,298057,9990.863010000052,0.033519974400869804,9537,1.0475897043095368,24.2,9537,6480,2575,321,30,0.03199723542812281,0.03199723542812281,0.02174080796626149,0.008639287116222735,0.001076975209439805,0.00010065188873269206
2022,23,297189,4513.08903,0.015185922190929005,2918,1.5466377758738863,12.078,2918,2121,1295,176,5,0.009818667581909156,0.009818667581909156,0.007136872495280781,0.004357496408009718,0.0005922157280383863,1.6824310455635975e-05
2022,5,295393,7675.346980000071,0.02598351003578308,10269,0.7474288616223654,10.8,10269,6170,1839,168,3,0.034763856963435154,0.034763856963435154,0.020887427934988302,0.006225604533621311,0.0005687338562525179,1.0155961718794962e-05
2022,7,295264,11937.754030000106,0.04043078069117842,12696,0.9402767824511741,29.4,12696,7837,3019,401,18,0.04299880784653733,0.04299880784653733,0.02654234854232145,0.010224748022109029,0.0013581066435461146,6.096239297713233e-05
2022,10,297938,7606.64399000007,0.025530962784203658,10278,0.7400898997859573,11.8,10278,6246,1858,171,3,0.03449711013700837,0.03449711013700837,0.020964093200598784,0.006236196792621284,0.0005739449147137996,1.0069209030066659e-05
2022,16,299622,19251.36894999985,0.06425218758969585,16388,1.174723514156691,21.4,16388,11069,4770,816,63,0.0546955831013744,0.0546955831013744,0.036943215117714985,0.015920059274686104,0.002723431523719887,0.00021026493381660894
2022,6,295112,7909.384000000076,0.02680129577922984,11506,0.6874138710238203,10.2,11506,6881,1894,179,3,0.03898858738377294,0.03898858738377294,0.02331657133562851,0.006417902355715796,0.0006065493778633197,1.0165632031228821e-05
2022,18,299178,8684.532000000083,0.02902797665603782,11659,0.7448779483660762,13.2,11659,6754,2130,222,9,0.038970111438675306,0.038970111438675306,0.022575189352158246,0.0071195074504141346,0.0007420331708882338,3.0082425846820288e-05
2022,19,298716,5123.415020000017,0.01715145830822593,8347,0.6138031652090592,13.464,8347,4446,1055,138,4,0.027942929069751873,0.027942929069751873,0.014883702245611216,0.0035317826966081494,0.00046197726268428873,1.3390645295196776e-05
2022,21,296341,2306.673999999991,0.007783850361576666,3365,0.6854900445765203,12.8,3365,1756,536,57,1,0.01135516178996494,0.01135516178996494,0.005925605974198642,0.0018087271082975356,0.00019234597980029763,3.374490873689432e-06
2022,8,296153,11672.493000000086,0.03941372533791684,12254,0.9525455361514678,14.6,12254,8092,3202,272,12,0.04137726107788879,0.04137726107788879,0.027323714431391883,0.010811978943316461,0.0009184441825677944,4.051959628975563e-05
2022,14,298795,12483.727050000076,0.04178024080054912,11330,1.1018293954104215,13.869,11330,7560,3118,517,34,0.03791897454776686,0.03791897454776686,0.025301628206629963,0.010435248247125956,0.0017302833046068374,0.00011379039140547867
2022,2,296289,6684.357980000038,0.022560263728994456,7470,0.8948270388219596,14.2,7470,4779,1655,210,16,0.025211870842319493,0.025211870842319493,0.016129522189483915,0.005585762549402779,0.00070876745339854,5.40013297827459e-05
2022,0,296446,3021.070999999991,0.010190965639610555,3699,0.8167264125439283,8.60001,3699,2419,802,59,0,0.012477820581151374,0.012477820581151374,0.008160002158909212,0.0027053831051861046,0.00019902444290022467,0.0
2022,12,298323,6453.010050000051,0.02163095051336991,8299,0.7775647728642067,18.2,8299,4911,1558,170,9,0.027818840652581264,0.027818840652581264,0.01646202270693175,0.005222527260720762,0.0005698521401299934,3.0168642712764353e-05
2022,1,296640,4232.611999999989,0.014268514023732434,4699,0.9007473930623514,15.6,4699,3042,1028,132,9,0.015840749730312836,0.015840749730312836,0.010254854368932038,0.0034654800431499462,0.00044498381877022656,3.0339805825242717e-05
2022,22,296920,1490.9829899999954,0.0050214973393506515,2121,0.7029622772277206,9.39999,2121,1087,362,30,0,0.007143338272935471,0.007143338272935471,0.0036609187659975752,0.001219183618483093,0.00010103731644887512,0.0
2022,4,295645,6081.854950000055,0.020571479138832234,9268,0.6562208621061778,11.6,9268,5501,1409,116,5,0.031348407718716706,0.031348407718716706,0.01860677501733498,0.004765850936088891,0.0003923624617362039,1.6912175074836376e-05
2022,11,297879,6660.4729900000575,0.02235965942547161,9275,0.7181102954177959,12.524,9275,5497,1595,148,5,0.031136803870027763,0.031136803870027763,0.018453801711433165,0.005354523145303966,0.0004968460347993649,1.6785339013492056e-05
2023,13,281055,11934.010010000131,0.04246147554749117,15512,0.7693405112171307,13.4,15512,9190,2781,352,21,0.05519204426179929,0.05519204426179929,0.032698226325808114,0.009894860436569355,0.0012524239027948266,7.471847147355499e-05
2023,1,281046,2072.8919999999935,0.007375632458743385,3878,0.5345260443527574,9.8,3878,2547,412,15,0,0.013798452922297418,0.013798452922297418,0.009062573386563053,0.0014659521928794574,5.33720458572618e-05,0.0
2023,14,280405,18600.74092000008,0.06633526834400272,18615,0.9992340005372055,15.2,18615,12155,4701,631,41,0.06638612007631818,0.06638612007631818,0.043348014479057076,0.01676503628679945,0.002250316506481696,0.00014621707886806583
2023,2,281198,2172.75300999999,0.00772677262996177,4554,0.47710869784804344,8.60001,4554,2558,426,13,0,0.016194994274496975,0.016194994274496975,0.00909679300706264,0.0015149467634904942,4.6230769777878934e-05,0.0
2023,9,279183,8957.62401000006,0.03208513415931507,9593,0.9337667059314145,16.0,9593,6027,2191,310,27,0.034360974701181664,0.034360974701181664,0.021587990672784517,0.007847899048294488,0.0011103827955140535,9.671075960928853e-05
2023,11,281508,8014.644960000056,0.02847039856771408,10867,0.7375213913683681,14.007,10867,6797,1919,157,6,0.0386028105773193,0.0386028105773193,0.024144962132514883,0.006816857780240704,0.0005577106156841014,2.1313781491112153e-05
2023,16,281830,17862.90909000008,0.06338185817691545,19391,0.9211958687019793,14.4,19391,12393,4386,587,45,0.06880388886917646,0.06880388886917646,0.04397331724798637,0.015562573182414932,0.0020828158819146294,0.0001596707234857893
2023,19,282511,4663.916009999996,0.016508794383227544,7189,0.6487572694394208,11.2,7189,3922,1167,66,2,0.025446796761896,0.025446796761896,0.013882645277529016,0.004130812605526864,0.00023361922190640364,7.07937036080011e-06
2023,8,279692,9445.91196000005,0.033772549661770984,9002,1.0493125927571707,11.8,9002,5998,2583,277,5,0.032185403944338775,0.032185403944338775,0.021445018091329034,0.009235158674541995,0.0009903751269253322,1.7876807345222603e-05
2023,17,282550,16998.71905000009,0.060161808706423965,16958,1.002401170538984,14.4,16958,10665,4165,640,40,0.060017695983011855,0.060017695983011855,0.037745531764289506,0.014740753848876305,0.0022650858255176074,0.00014156786409485046
2023,3,281176,1972.6599999999899,0.007015748143511501,4866,0.4053966296752959,10.0,4866,2661,270,7,0,0.017305886704412896,0.017305886704412896,0.009463823370415682,0.0009602526531425157,2.4895439155546703e-05,0.0
2023,18,282547,12052.234900000096,0.04265568170959202,12674,0.95094168376204,14.673,12674,7759,3024,400,36,0.044856254003758665,0.044856254003758665,0.02746091800656174,0.010702644161856258,0.0014156936722032087,0.00012741243049828877
2023,10,280352,6340.584970000034,0.022616514132233888,10068,0.6297760200635711,12.4,10068,5860,1447,117,3,0.03591199634744892,0.03591199634744892,0.020902294258646273,0.00516136856523228,0.0004173324962903778,1.0700833238214816e-05
2023,6,280435,4079.0559899999894,0.014545459696542832,5397,0.7558006281267351,11.571,5397,3412,897,111,6,0.01924510136038654,0.01924510136038654,0.012166812273788935,0.0031986021716262237,0.00039581364665608785,2.1395332251680423e-05
2023,20,281216,3083.782009999991,0.010965883911299467,3873,0.7962256674412577,9.045,3873,2106,796,61,0,0.013772331588529814,0.013772331588529814,0.007488905325443787,0.002830564406008193,0.00021691511151570323,0.0
2023,5,280168,2116.211009999991,0.00755336444561831,3914,0.5406773147674989,10.15,3914,2166,445,24,1,0.013970189314982439,0.013970189314982439,0.007731075640330088,0.00158833271465692,8.566288798149681e-05,3.569286999229034e-06
2023,21,280948,2313.3820199999936,0.008234199994304973,2689,0.8603131349944193,12.18,2689,1523,647,49,2,0.009571166194455914,0.009571166194455914,0.005420931987414041,0.0023029172658285517,0.00017440949926676822,7.118755072112989e-06
2023,12,280449,10900.121110000102,0.03886667846916945,13010,0.8378263727901692,12.608,13010,7864,2615,342,19,0.04638989620216153,0.04638989620216153,0.02804074894187535,0.009324333479527472,0.0012194730592728089,6.774850329293383e-05
2023,22,280836,2449.2089799999926,0.008721136107906367,2955,0.8288355262267318,9.39999,2955,1699,659,36,0,0.010522155279237704,0.010522155279237704,0.006049794185930579,0.0023465652551667164,0.00012818869375721061,0.0
2023,0,281019,2528.6880099999926,0.008998281290588866,3420,0.7393824590643253,10.6,3420,2173,699,32,1,0.01216999562307175,0.01216999562307175,0.007732573242378629,0.0024873762983997523,0.00011387130407552514,3.5584782523601607e-06
2023,7,281076,6715.745030000034,0.023892986345330207,7549,0.8896204835077538,11.859,7549,4684,1712,189,13,0.026857504731816306,0.026857504731816306,0.016664532012694074,0.006090879335126443,0.0006724160013661786,4.625083607280593e-05
2023,23,281014,2153.5169999999953,0.007663379760438965,2715,0.7931922651933684,7.548,2715,1678,595,18,0,0.00966144035528479,0.00966144035528479,0.005971232749969752,0.0021173322325578085,6.405374821183287e-05,0.0
2023,4,280246,1624.2449899999922,0.005795782954975244,4015,0.40454420672478014,10.962,4015,2136,186,15,1,0.014326698686154308,0.014326698686154308,0.007621875066905505,0.0006637026041406478,5.3524403559729665e-05,3.5682935706486442e-06
2023,15,280430,24084.910079999707,0.08588564019541314,23053,1.0447625072658528,17.622,23053,15484,6058,867,65,0.08220589808508362,0.08220589808508362,0.05521520522055415,0.02160253895802874,0.003091680633313126,0.0002317868986912955
2024,18,267368,7898.750990000059,0.029542619124203563,9405,0.8398459319510961,12.586,9405,5538,1911,250,8,0.03517623649801023,0.03517623649801023,0.020713024744920858,0.007147452200712127,0.000935040842584004,2.992130696268813e-05
2024,14,267049,14095.36895000009,0.05278195743103359,12807,1.1005988092449512,14.673,12807,8487,3477,578,37,0.04795749094735423,0.04795749094735423,0.031780684443678875,0.013020082456777595,0.0021643967960936006,0.00013855135199907132
2024,5,265955,4290.790999999977,0.01613352258840773,7700,0.5572455844155815,9.541,7700,4467,897,53,0,0.02895226636085052,0.02895226636085052,0.01679607452388562,0.0033727510293094696,0.00019928183339286721,0.0
2024,2,266152,2243.6310299999927,0.008429886042562118,2889,0.7766116407061242,10.353,2889,1567,517,61,2,0.010854699570170429,0.010854699570170429,0.005887613093270011,0.0019424990231146112,0.0002291923412185518,7.514502990772191e-06
2024,21,266819,1328.4639999999997,0.004978895805770952,2772,0.47924386724386714,7.6,2772,1413,247,10,0,0.01038906524647795,0.01038906524647795,0.005295724817198175,0.0009257211817749111,3.747859035525956e-05,0.0
2024,11,267432,9502.596950000077,0.03553275954261299,12532,0.7582665935205934,10.0,12532,8363,2428,161,0,0.04686051033533758,0.04686051033533758,0.03127150079272488,0.009078943432349157,0.0006020221962966287,0.0
2024,9,267082,7794.041020000055,0.02918220254453709,9867,0.7899099037194746,11.0,9867,6275,2052,144,4,0.03694371017140803,0.03694371017140803,0.023494657071610966,0.007683033675051108,0.0005391602578983234,1.4976673830508982e-05
2024,10,267475,8395.982930000058,0.03138978569959831,10884,0.771406002388833,10.302,10884,7330,2121,149,2,0.04069165342555379,0.04069165342555379,0.02740443032059071,0.007929713057295075,0.0005570614076081877,7.477334330311244e-06
2024,3,265898,6199.7200300000195,0.023316158940646488,5563,1.1144562340463813,12.6,5563,3710,1657,204,7,0.02092155638628346,0.02092155638628346,0.013952718711686437,0.006231712912470195,0.0007672114871115992,2.6325884361672522e-05
2024,7,266177,5903.264980000014,0.022177967968682544,8332,0.7085051584253497,12.87,8332,4913,1386,123,10,0.03130247917738948,0.03130247917738948,0.01845764284667721,0.005207061466618077,0.0004620985284228164,3.756898605063548e-05
2024,16,268346,15914.26197000014,0.059305009092739,16065,0.9906169915966474,14.4,16065,10251,3880,563,43,0.05986673920982612,0.05986673920982612,0.03820068121007952,0.014458944795152527,0.002098037608162596,0.00016024088303906152
2024,17,268119,13836.432050000129,0.05160556338789914,14790,0.9355261697092717,15.912,14790,9283,3416,454,33,0.05516207355689078,0.05516207355689078,0.0346226861953088,0.012740611444918115,0.0016932779847754168,0.00012307967730746422
2024,0,266747,1481.5589999999977,0.005554173055367062,2452,0.6042247145187593,7.8,2452,1352,389,11,0,0.009192230840459312,0.009192230840459312,0.005068473122471855,0.001458310683906473,4.1237577179874565e-05,0.0
2024,19,267250,4057.9419399999806,0.015184067128157083,5323,0.7623411497275936,11.457,5323,2939,1002,105,4,0.019917680074836297,0.019917680074836297,0.010997193638914873,0.0037492984097287183,0.0003928905519176801,1.4967259120673527e-05
2024,1,266698,1061.7360000000015,0.00398104222753827,2109,0.5034310099573265,9.2,2109,931,198,23,0,0.007907820831052351,0.007907820831052351,0.0034908398263204074,0.0007424127664999362,8.623986681564916e-05,0.0
2024,15,268425,17723.157020000068,0.0660264767439697,14898,1.1896333078265584,13.8,14898,10363,4597,667,48,0.055501536742106734,0.055501536742106734,0.038606687156561424,0.017125826580981652,0.0024848654186458044,0.00017882089969265157
2024,20,267268,2419.378989999991,0.009052258369875896,3545,0.6824764428772895,11.8,3545,1859,559,68,2,0.013263840040708203,0.013263840040708203,0.006955565200472934,0.0020915335917506025,0.0002544262687639373,7.48312555188051e-06
2024,6,266154,5581.215980000008,0.02096987450874309,8162,0.683804947316835,9.94701,8162,4734,1213,156,0,0.03066645626216401,0.03066645626216401,0.017786694920985596,0.004557511816467158,0.0005861268288284226,0.0
2024,4,265980,6367.423990000019,0.023939484134145497,8039,0.7920666737156387,10.0,8039,5472,1765,76,0,0.030224076998270545,0.030224076998270545,0.02057297541168509,0.006635837280998571,0.00028573576960673735,0.0
2024,8,266545,8401.615960000072,0.03152044105122989,10731,0.7829294529866808,13.0,10731,6480,2017,215,13,0.04025961845091823,0.04025961845091823,0.02431109193569566,0.007567202536157122,0.0008066180194713839,4.877225234013018e-05
2024,12,267280,7002.517020000049,0.026199180709368636,10403,0.6731247736229982,13.2,10403,6460,1594,119,6,0.03892173002095181,0.03892173002095181,0.024169410356180785,0.005963783298413648,0.0004452259802454355,2.24483687518707e-05
2024,13,267364,8470.021020000066,0.03167973631453773,9901,0.855471267548739,13.6,9901,6044,2124,243,9,0.037031911551293366,0.037031911551293366,0.02260588560913212,0.007944225849403809,0.0009088732963300968,3.3661973938151734e-05
2024,22,266296,2095.4519999999925,0.007868882747018328,3172,0.6606090794451427,11.8,3172,1801,458,52,2,0.011911557064319404,0.011911557064319404,0.0067631507795836215,0.001719890648000721,0.00019527142728392467,7.510439510920179e-06
2024,23,266381,3071.970979999991,0.011532245092555366,2971,1.033985520026924,11.0,2971,1632,743,136,2,0.011153197863210965,0.011153197863210965,0.0061265630807002,0.002789237971176623,0.0005105469233916834,7.508042991054167e-06
