year,month,observed_intervals,recorded_rainfall_mm,mean_mm_per_observed_interval,rainy_intervals,mean_positive_rainfall_mm,max_five_min_rainfall_mm,exceed_0p0_mm_intervals,exceed_0p2_mm_intervals,exceed_1p0_mm_intervals,exceed_5p0_mm_intervals,exceed_10p0_mm_intervals,rainy_fraction,exceed_0p0_mm_fraction,exceed_0p2_mm_fraction,exceed_1p0_mm_fraction,exceed_5p0_mm_fraction,exceed_10p0_mm_fraction
2017,10,460358,10151.60006000012,0.022051533936632187,11626,0.8731808068123276,13.6,11626,5446,2485,301,14,0.025254258642187166,0.025254258642187166,0.011829923668101781,0.005397972881974463,0.0006538389688025406,3.0411114828025144e-05
2017,1,491656,13595.200000000325,0.027651854141921027,19863,0.6844484720334453,13.8,19863,7968,2995,340,12,0.040400198512781295,0.040400198512781295,0.016206453292546007,0.006091657581723807,0.0006915404266397644,2.4407309175521097e-05
2017,12,441357,13214.39999000018,0.029940388370412567,14395,0.9179854109065773,14.6,14395,7693,3248,351,23,0.032615320477527264,0.032615320477527264,0.017430334173922698,0.0073591219806188645,0.0007952745736444647,5.2112009099209936e-05
2017,9,442886,10144.599990000115,0.022905668704813687,11541,0.8790052846373898,14.8,11541,5717,2501,283,14,0.02605862456704434,0.02605862456704434,0.012908513703300624,0.005647051385683901,0.0006389906206111731,3.161084342246086e-05
2017,4,391216,11145.600010000137,0.028489632351437918,12388,0.899709396997105,13.6,12388,5991,2806,302,24,0.03166537155944542,0.03166537155944542,0.015313790847000124,0.007172508281869862,0.0007719520674001063,6.134718416424686e-05
2017,3,496628,10259.000000000167,0.020657312918321496,14070,0.729140014214653,13.8,14070,6187,2266,268,12,0.02833106470033909,0.02833106470033909,0.012458016865742568,0.0045627713298484985,0.0005396393276255064,2.416295496830626e-05
2017,6,390045,6236.400030000008,0.01598892443179635,6517,0.9569433834586478,12.8,6517,3241,1476,220,12,0.016708328526195696,0.016708328526195696,0.008309297645143508,0.00378417874860593,0.0005640374828545425,3.076568088297504e-05
2017,11,427156,16210.800010000357,0.03795053800016939,19916,0.8139586267322935,18.0,19916,8917,3666,475,28,0.04662465235183399,0.04662465235183399,0.02087527741621328,0.008582344623509913,0.00111200591821255,6.55498225472661e-05
2017,5,399813,10786.199970000143,0.02697811219245033,13043,0.8269723200184117,12.0,13043,6291,2694,240,3,0.032622751136156154,0.032622751136156154,0.015734856045201133,0.0067381500851648145,0.0006002806311950837,7.503507889938546e-06
2017,7,421890,6165.799960000008,0.01461470990068503,6970,0.8846197934002881,12.0,6970,3543,1522,163,4,0.01652089407191448,0.01652089407191448,0.008397923629382067,0.0036075754343549266,0.00038635663324563277,9.481144374125957e-06
2017,2,451746,8481.200000000075,0.01877426695532462,10542,0.804515272244363,14.2,10542,5008,1962,249,7,0.023336122511322735,0.023336122511322735,0.011085875691207005,0.004343148583496035,0.0005511946979054602,1.5495433274450687e-05
2017,8,441269,6932.799990000031,0.01571105151279612,7823,0.886207336060339,12.8,7823,3692,1578,231,10,0.017728415093741005,0.017728415093741005,0.008366778540980672,0.0035760499831168743,0.0005234902066539911,2.2661913707964984e-05
2018,7,482295,5992.494970000022,0.012424957691869128,6571,0.9119608841881025,12.0,6571,3158,1498,166,7,0.013624441472542739,0.013624441472542739,0.006547859712416675,0.0031059828528182958,0.00034418768595983784,1.4513938564571475e-05
2018,8,36410,57.61800000000001,0.0015824773413897284,275,0.20952000000000004,1.6,275,11,1,0,0,0.0075528700906344415,0.0075528700906344415,0.00030211480362537764,2.7464982147761604e-05,0.0,0.0
2018,11,439838,16314.533000000338,0.03709214074272877,20320,0.8028805610236387,13.4,20320,9353,3945,393,13,0.04619882775021712,0.04619882775021712,0.02126464743837504,0.008969211391466858,0.0008935107926100064,2.9556336651221585e-05
2018,6,458913,13901.148070000243,0.030291467162621766,15209,0.9140080261687319,12.8,15209,7563,3317,456,14,0.03314135794802065,0.03314135794802065,0.016480247890122965,0.007227949524201755,0.0009936523916297861,3.050687167284431e-05
2018,12,436207,11362.694030000155,0.02604885760659539,13067,0.8695717479146059,13.6,13067,6377,2759,315,17,0.0299559612752661,0.0299559612752661,0.014619206019160627,0.006324978737159192,0.0007221342160946523,3.897232277336219e-05
2018,1,431753,16382.799970000498,0.03794484339425667,25203,0.6500337249533984,15.6,25203,9686,3498,365,19,0.058373653454637256,0.058373653454637256,0.022434123213967243,0.008101854532568389,0.0008453907674063643,4.4006642686906635e-05
2018,2,261619,2544.0000199999868,0.009724064460150015,3095,0.8219709273020959,11.8,3095,1287,605,74,3,0.011830180529701589,0.011830180529701589,0.004919367477132777,0.0023125231730111344,0.00028285407405425445,1.146705705625356e-05
2018,3,342156,5614.5999600000105,0.01640947392417497,5563,1.0092755635448518,12.4,5563,2848,1342,210,9,0.016258665637896165,0.016258665637896165,0.008323688609873859,0.003922187540186348,0.0006137551292392944,2.6303791253112614e-05
2018,10,469297,13509.440060000221,0.028786546813638743,14558,0.9279736268718383,14.6,14558,7383,3288,424,24,0.031020867382489128,0.031020867382489128,0.015732041756073446,0.007006224203436204,0.0009034790335331357,5.1140322652819e-05
2018,4,318113,8413.847040000055,0.02644923986130732,7392,1.1382368831168905,12.2,7392,4124,2104,318,13,0.023237025836730974,0.023237025836730974,0.012963946773630754,0.006614001942705894,0.0009996447803139136,4.086598158515999e-05
2018,5,470765,12486.852080000175,0.026524597368113974,12549,0.9950475798868575,13.8,12549,6239,2939,480,24,0.026656612110076153,0.026656612110076153,0.013252896880609221,0.0062430299618705725,0.0010196170063619854,5.098085031809926e-05
2018,9,446880,8582.584900000065,0.019205569504117583,8622,0.9954285432614318,14.6,8622,4728,2199,239,19,0.019293770139634802,0.019293770139634802,0.010580021482277121,0.00492078410311493,0.0005348191908342285,4.2517006802721085e-05
2019,4,368993,10021.35206000012,0.02715865086871599,11421,0.877449615620359,12.4,11421,5885,2558,250,5,0.03095180667383934,0.03095180667383934,0.015948812037084713,0.006932380831072676,0.0006775196277436158,1.3550392554872315e-05
2019,9,446343,4809.126989999995,0.01077450971562228,4261,1.1286381107721182,13.6,4261,2697,1257,151,3,0.009546469867344172,0.009546469867344172,0.006042438214556967,0.0028162198130137583,0.0003383048462729336,6.721288336548349e-06
2019,7,386597,2700.566009999993,0.00698548103063395,2509,1.0763515384615356,13.6,2509,1415,678,95,7,0.0064899624156421285,0.0064899624156421285,0.0036601422152784426,0.0017537642558012607,0.00024573392964766927,1.8106710605617737e-05
2019,11,357247,8530.742970000052,0.023879117165434706,7653,1.1146926656213318,14.2,7653,4422,2250,283,15,0.021422153300097693,0.021422153300097693,0.012377990577947471,0.006298163455536365,0.000792169003518574,4.1987756370242436e-05
2019,3,430797,5814.474980000006,0.013497018270786486,4173,1.393356093937217,14.2,4173,2728,1490,238,21,0.009686696982569517,0.009686696982569517,0.006332448926060302,0.003458705608442027,0.0005524643857779882,4.874685756864602e-05
2019,6,417437,10618.084980000172,0.02543637717787396,13071,0.812339146201528,11.4,13071,6051,2567,284,3,0.03131250943256108,0.03131250943256108,0.014495600533733234,0.006149430932092747,0.000680342183371383,7.186713204627285e-06
2019,8,459531,1853.9069699999977,0.004034345822153451,1725,1.0747286782608683,11.6,1725,1042,478,59,1,0.0037538272717183387,0.0037538272717183387,0.0022675292852930486,0.001040190977322531,0.0001283917733515258,2.1761317517207762e-06
2019,10,464037,8001.78808000009,0.017243857882022533,10265,0.7795214885533454,11.8,10265,4671,1913,199,4,0.022121080862086428,0.022121080862086428,0.010066007667492032,0.004122516092466765,0.0004288451136439551,8.620002284300606e-06
2019,1,439148,4779.765009999989,0.010884178021988006,6982,0.6845839315382396,11.4,6982,3509,1056,91,6,0.01589896800167597,0.01589896800167597,0.007990472460309508,0.002404656288995965,0.00020721943399491742,1.366281982384071e-05
2019,2,388370,2410.4119699999947,0.006206483430749014,2399,1.0047569695706522,13.0,2399,1274,632,73,5,0.0061770991580194145,0.0061770991580194145,0.0032803769601153538,0.0016273141591781034,0.0001879650848417746,1.2874320879573603e-05
2019,5,425618,8562.50798000007,0.020117823917221708,8097,1.0574914141039977,14.6,8097,4479,2182,286,10,0.019024101424281868,0.019024101424281868,0.010523521091683153,0.005126662876100165,0.0006719640616703241,2.3495246911549794e-05
2019,12,442744,14280.209000000466,0.03225387357028094,24726,0.5775381784356737,15.4,24726,11856,2628,240,16,0.05584717127730698,0.05584717127730698,0.026778454366405868,0.005935710026561625,0.0005420739750284589,3.6138265001897256e-05
2020,6,482778,18798.84702000006,0.03893890570821384,25243,0.7447152485837681,12.6,25243,13479,4744,388,7,0.05228697248010473,0.05228697248010473,0.027919664939164587,0.009826462680569538,0.0008036820236216232,1.44994179519365e-05
2020,1,445446,7536.9850000000315,0.016920086834318934,8384,0.8989724475190878,12.4,8384,4314,1844,213,8,0.01882158555694742,0.01882158555694742,0.00968467558357242,0.004139671250836241,0.000478172438410043,1.7959528203194103e-05
2020,4,421671,12784.180970000112,0.030317904171736052,10736,1.190776915983617,14.4,10736,6313,3124,517,30,0.025460607914701273,0.025460607914701273,0.01497138764581866,0.007408619516163075,0.0012260743565481146,7.11455139196198e-05
2020,2,411559,4823.051999999986,0.011718980753670763,6578,0.7332094861660058,9.39999,6578,3608,1254,53,0,0.01598312757101655,0.01598312757101655,0.00876666528978834,0.003046950740963021,0.00012877861983336532,0.0
2020,3,438818,6470.50097000001,0.01474529524768813,5443,1.1887747510564046,13.0,5443,3271,1632,231,15,0.012403775597172404,0.012403775597172404,0.007454115373571732,0.003719081714970671,0.000526414139802834,3.4182736350833375e-05
2020,10,662233,12440.097980000146,0.018785077125422843,17356,0.7167606579857194,11.6,17356,9893,3010,287,6,0.026208298287762766,0.026208298287762766,0.014938850827427809,0.004545228039073861,0.00043338220837680995,9.060255227389756e-06
2020,7,582343,14288.549060000152,0.024536311177433493,16061,0.8896425540128355,13.0,16061,9740,3497,477,20,0.027579965759011442,0.027579965759011442,0.01672553804201304,0.0060050520054332245,0.000819104891790577,3.434402062014998e-05
2020,12,657000,19731.23002999995,0.030032313592085164,19817,0.9956718993793183,14.2,19817,12451,4855,740,41,0.030162861491628615,0.030162861491628615,0.018951293759512936,0.007389649923896499,0.0011263318112633182,6.24048706240487e-05
2020,9,647440,22546.803999999705,0.034824545903867084,31765,0.7098002203683207,19.6,31765,18522,5671,399,8,0.049062461386383295,0.049062461386383295,0.0286080563449895,0.008759112813542568,0.0006162733226244902,1.2356357345854442e-05
2020,8,519007,12561.500870000102,0.02420295076945032,13573,0.9254771141236353,20.6,13573,8635,3125,373,20,0.026151863076991255,0.026151863076991255,0.016637540534135378,0.006021113395387731,0.0007186800948734796,3.8535125730481476e-05
2020,11,642695,22278.86501999977,0.03466475547499166,25230,0.8830307181926187,13.8,25230,14922,5070,853,67,0.03925656804549592,0.03925656804549592,0.0232178560592505,0.007888656361104411,0.0013272236441858112,0.00010424851601459479
2020,5,423483,11532.849010000147,0.027233322258508955,12517,0.9213748510026482,14.4,12517,6256,2819,342,20,0.029557266761593735,0.029557266761593735,0.014772729956102133,0.006656701685781956,0.0008075884982395988,4.7227397557871274e-05
2021,1,525919,16938.487000000267,0.03220740646373352,28304,0.5984485231769455,15.0,28304,18492,3607,177,11,0.0538181735210175,0.0538181735210175,0.03516130811018427,0.006858470600986083,0.0003365537278554302,2.0915768397795098e-05
2021,9,583960,17731.599950000003,0.030364408435509287,18915,0.9374358947924929,15.2,18915,11957,4467,587,23,0.03239091718610864,0.03239091718610864,0.02047571751489828,0.007649496540858963,0.0010052058360161655,3.938625933283101e-05
2021,6,592872,13930.061880000132,0.023495901105129155,14791,0.941793109323246,13.8,14791,9401,3615,440,25,0.024948049494663265,0.024948049494663265,0.015856711060734864,0.0060974375581913124,0.0007421500762390533,4.216761796812803e-05
2021,5,597540,16299.7290400001,0.02727805509254627,14423,1.1301205740830687,26.4,14423,9920,4285,569,28,0.024137296247949927,0.024137296247949927,0.01660139906951836,0.007171068045653847,0.0009522375071124946,4.6858787696221174e-05
2021,2,554611,2238.5149999999962,0.004036189329097325,2185,1.0244919908466803,11.6,2185,1500,629,43,1,0.003939698275007167,0.003939698275007167,0.00270459835812849,0.0011341282448418801,7.753181959968338e-05,1.80306557208566e-06
2021,12,592839,12922.23700000016,0.021797211384541434,18208,0.7097010654657381,13.8,18208,11347,3310,216,10,0.030713229055443384,0.030713229055443384,0.01914010380558634,0.00558330339265804,0.00036434849933961833,1.6867986080537885e-05
2021,3,610500,19062.35690999993,0.031224171842751728,16106,1.1835562467403409,16.6,16106,11018,4845,750,49,0.026381654381654383,0.026381654381654383,0.018047502047502047,0.007936117936117936,0.0012285012285012285,8.026208026208026e-05
2021,7,608740,14405.85993000012,0.023665045717383645,15824,0.9103804303589561,12.8,15824,9959,3529,483,13,0.025994677530637052,0.025994677530637052,0.016360022341229425,0.005797220488221572,0.0007934421920688635,2.1355586950093636e-05
2021,10,605740,11027.710010000115,0.018205352147786368,13530,0.8150561722099124,12.928,13530,8235,2632,344,10,0.02233631591111698,0.02233631591111698,0.013594941724172088,0.004345098557136725,0.0005679004193218213,1.6508733119820387e-05
2021,11,579510,18445.213859999887,0.03182898286483389,21917,0.8415939161381525,16.6,21917,12990,4303,645,70,0.03781988231436904,0.03781988231436904,0.022415488947559147,0.0074252385636140875,0.0011130092664492417,0.0001207917033355766
2021,4,586109,24386.782879999682,0.04160793108449057,19842,1.2290486281624675,19.6,19842,14099,5703,1102,133,0.03385377122685371,0.03385377122685371,0.024055252521288702,0.009730272014249908,0.0018801963457309135,0.00022692024862269646
2021,8,606306,27855.145969999314,0.04594238877728295,30464,0.9143627222294943,13.8,30464,19856,6761,908,44,0.0502452556959687,0.0502452556959687,0.03274913987326532,0.011151134905476772,0.001497593624341504,7.257061615751782e-05
2022,9,605978,16495.240020000107,0.027220856235705103,16386,1.0066666678872274,12.524,16386,11548,4537,434,21,0.027040585631821618,0.027040585631821618,0.019056797441491274,0.007487070487707474,0.0007161976177352973,3.465472343880471e-05
2022,3,596494,18810.451969999925,0.03153502293401095,14885,1.2637186409136665,18.2,14885,10562,4715,829,74,0.024954148742485256,0.024954148742485256,0.017706800068399683,0.007904522090750285,0.0013897876592220543,0.0001240582470234403
2022,5,598606,13724.62700000012,0.022927646899630342,15235,0.9008616343944943,15.554,15235,9805,3570,390,7,0.025450797352515677,0.025450797352515677,0.01637972222129414,0.005963856025499243,0.0006515136834579006,1.1693835344116163e-05
2022,7,602576,7970.973960000058,0.013228163683917145,9635,0.8272936128697517,11.11,9635,6025,2071,192,7,0.015989684288786808,0.015989684288786808,0.009998738748307267,0.0034369108626961576,0.00031863200658506144,1.1616791906747033e-05
2022,10,623907,29289.861009999076,0.046945876564935284,32245,0.908353574507647,14.8,32245,19886,7229,906,44,0.051682382149903755,0.051682382149903755,0.03187334009716192,0.011586662755827391,0.0014521395015603287,7.052333120160537e-05
2022,6,578559,14423.53099000014,0.02493009527118261,16396,0.8796981574774421,17.2,16396,10490,3725,406,17,0.02833937420384092,0.02833937420384092,0.018131253683721107,0.006438409911521556,0.0007017434695510744,2.938334724721247e-05
2022,8,595899,15590.454980000171,0.026162915158441567,17057,0.9140209286510038,37.2,17057,10628,3763,493,56,0.028623978224497776,0.028623978224497776,0.017835237179454906,0.0063148285195981195,0.0008273214084937213,9.397565694857686e-05
2022,2,531705,13985.202960000197,0.02630256055519545,19936,0.7015049638844401,21.4,19936,11203,3110,431,45,0.03749447531996126,0.03749447531996126,0.02106995420392887,0.005849108058039703,0.0008105998627058237,8.463339633819505e-05
2022,12,621826,17381.331020000034,0.027952081482601296,19607,0.8864860009180412,13.464,19607,11385,4238,599,32,0.0315313286996684,0.0315313286996684,0.018308980325685963,0.00681541138517849,0.0009632919820013959,5.146134127553367e-05
2022,1,590051,9385.74398000009,0.015906665661104023,13923,0.6741179329167629,10.608,13923,8598,2151,187,2,0.023596265407566465,0.023596265407566465,0.014571621775066901,0.0036454475969026406,0.0003169217576107828,3.389537514553827e-06
2022,4,580655,16029.949090000142,0.02760666676425785,17225,0.9306211373004436,14.2,17225,11006,4139,470,24,0.02966477512464372,0.02966477512464372,0.01895445660504086,0.007128156995117583,0.0008094307290904238,4.1332632974830147e-05
2022,11,606974,24940.98906999923,0.04109070416525128,27769,0.8981594248982401,16.548,27769,16968,5912,883,69,0.04574990032521986,0.04574990032521986,0.027955068915637243,0.009740120664147063,0.0014547575349191234,0.00011367867486910478
2023,1,425022,13560.742010000356,0.03190597665532691,29345,0.46211422763674753,10.8,29345,14702,2522,147,2,0.06904348480784524,0.06904348480784524,0.034591150575734905,0.005933810485104301,0.0003458644493696797,4.705638766934418e-06
2023,9,564121,11771.078000000078,0.020866229053696065,12061,0.9759620263659794,14.007,12061,7709,2934,413,16,0.021380164893701883,0.021380164893701883,0.013665507931808957,0.005201011839658513,0.0007321124368708132,2.8362709418724e-05
2023,2,565171,24376.653099999658,0.04313146481330368,24456,0.9967555242067246,14.4,24456,16525,6576,611,58,0.04327185931337595,0.04327185931337595,0.029238938303628458,0.011635416537649667,0.0010810887324367315,0.00010262380766175193
2023,11,548438,19009.091980000027,0.034660421013861235,17391,1.0930419170835506,17.622,17391,11423,4857,687,50,0.031710056560632194,0.031710056560632194,0.020828243119550432,0.008856060302167247,0.0012526484306339095,9.116800805195847e-05
2023,8,577838,7876.00102000006,0.013630119549077873,10410,0.7565803093179693,11.2,10410,6362,2069,141,8,0.018015429930188044,0.018015429930188044,0.011010006264731637,0.003580588330985501,0.00024401302787286402,1.384471080129725e-05
2023,3,592235,20672.45093999987,0.03490582444468812,30978,0.6673268429207784,14.2,30978,19708,4747,343,13,0.0523069389684838,0.0523069389684838,0.03327733078929817,0.008015399292510574,0.0005791619880621713,2.195074590323098e-05
2023,10,566570,7671.52801000003,0.01354030042183672,6776,1.132161748819367,13.8,6776,4638,2015,279,20,0.011959687240764601,0.011959687240764601,0.008186102335104223,0.0035564890481317403,0.0004924369451259332,3.530013943555077e-05
2023,6,575313,15200.432080000122,0.02642115175565322,15281,0.9947275754204647,12.608,15281,9816,3999,461,17,0.026561193645893627,0.026561193645893627,0.017062016676139772,0.006950998847583837,0.0008013029429197672,2.954913238532764e-05
2023,5,602669,8582.087990000047,0.014240135115627396,8948,0.9591068383996476,12.6,8948,5755,2255,242,20,0.014847287648775695,0.014847287648775695,0.009549188692300417,0.003741689053195037,0.00040154711790385767,3.3185712223459315e-05
2023,12,567756,24362.816969999494,0.0429107168748538,28875,0.8437339210389435,14.673,28875,17226,5496,882,60,0.050858115105784876,0.050858115105784876,0.030340498383108237,0.009680214740134847,0.0015534842432312472,0.00010567920021981274
2023,7,580916,16583.46305000015,0.02854709295319831,17871,0.9279538386212384,16.0,17871,11137,3962,610,38,0.030763483877187064,0.030763483877187064,0.01917144647418904,0.006820263170578879,0.001050065758216334,6.541393247905033e-05
2023,4,576841,13472.121970000095,0.02335500071943585,13365,1.0080151118593412,14.21,13365,8456,3349,500,32,0.023169296218542024,0.023169296218542024,0.014659152175382818,0.005805759299356322,0.0008667899819881042,5.5474558847238665e-05
2024,5,549323,16399.065960000135,0.029853230176053312,16321,1.0047831603455752,15.912,16321,10678,4072,567,28,0.029711117138732587,0.029711117138732587,0.019438472446993846,0.007412760798291716,0.001032179610174706,5.097183260122005e-05
2024,2,515124,8270.715000000047,0.016055774920213477,8524,0.9702856640075138,11.6,8524,5638,2208,233,12,0.01654747206497853,0.01654747206497853,0.010944937529604522,0.004286346588394251,0.0004523182767644295,2.3295361893447016e-05
2024,11,508438,24504.31097999956,0.04819527844102832,27300,0.8975938087911927,14.2,27300,16591,5877,883,54,0.05369386237850043,0.05369386237850043,0.03263131394584984,0.011558931472470587,0.0017366915926819001,0.00010620763986956129
2024,9,522201,13583.320970000133,0.026011671693466947,15271,0.889484707615751,13.2,15271,9544,3485,374,15,0.02924352883276746,0.02924352883276746,0.018276487406190336,0.006673675462130482,0.0007161993178871737,2.8724571573014987e-05
2024,10,528250,11372.584930000106,0.021528793052532146,14007,0.8119215342328912,13.6,14007,8920,2919,232,7,0.026515854235683863,0.026515854235683863,0.01688594415522953,0.005525792711784193,0.0004391859914813062,1.3251301467108376e-05
2024,3,550364,10978.895980000094,0.01994842682297551,11517,0.9532774142571931,12.864,11517,7349,2827,328,12,0.020926150692995908,0.020926150692995908,0.013352980936253098,0.005136600504393456,0.0005959692131026012,2.1803751698875652e-05
2024,7,554723,5038.285040000003,0.009082524142680227,6431,0.7834372632561037,12.0,6431,3640,1199,141,7,0.011593173529851836,0.011593173529851836,0.006561833563778679,0.0021614391326842406,0.00025418091551999825,1.2618910699574382e-05
2024,1,554313,24427.38196999936,0.04406784969863481,39001,0.6263270677674767,12.726,39001,23169,5624,345,8,0.0703591653091304,0.0703591653091304,0.0417976847016036,0.010145892302724273,0.0006223920420412294,1.4432279235738653e-05
2024,6,533951,16981.13899000016,0.03180280398388646,19633,0.8649283853715765,13.0,19633,12615,4354,441,22,0.036769291564207204,0.036769291564207204,0.02362576341274761,0.008154306294023235,0.0008259184831566942,4.12022826064564e-05
2024,4,540516,13218.764960000111,0.024455825470476564,14537,0.9093186324551222,12.8,14537,9352,3146,415,16,0.02689467101806422,0.02689467101806422,0.01730198551014216,0.005820364244536702,0.0007677848574325274,2.9601343901013105e-05
2024,8,502888,7210.58604000004,0.014338353748747316,8139,0.8859302174714387,13.6,8139,5136,1843,214,9,0.01618451822274542,0.01618451822274542,0.01021300965622564,0.0036648319307678845,0.0004255420690094017,1.7896629070488855e-05
2024,12,546169,13152.24498000012,0.024080907155111547,14631,0.8989300102522124,14.4,14631,9032,3094,448,42,0.026788411645479696,0.026788411645479696,0.016537005945046312,0.005664913241139647,0.0008202589308437499,7.689927476660154e-05
