year,bin_id,lower_mm,upper_mm,count
2017,0,0.0,0.2,0
2017,1,0.2,0.4,79000
2017,2,0.4,0.6,20093
2017,3,0.6,1.0,15691
2017,4,1.0,2.0,16063
2017,5,2.0,3.0,7381
2017,6,3.0,5.0,6704
2017,7,5.0,10.0,3567
2017,8,10.0,20.0,195
2017,9,20.0,,0
2018,0,0.0,0.2,0
2018,1,0.2,0.4,70442
2018,2,0.4,0.6,16686
2018,3,0.6,1.0,13574
2018,4,1.0,2.0,14559
2018,5,2.0,3.0,6872
2018,6,3.0,5.0,6487
2018,7,5.0,10.0,3609
2018,8,10.0,20.0,195
2018,9,20.0,,0
2019,0,0.0,0.2,0
2019,1,0.2,0.4,48149
2019,2,0.4,0.6,15252
2019,3,0.6,1.0,11222
2019,4,1.0,2.0,10642
2019,5,2.0,3.0,5078
2019,6,3.0,5.0,4466
2019,7,5.0,10.0,2371
2019,8,10.0,20.0,102
2019,9,20.0,,0
2020,0,0.0,0.2,3869
2020,1,0.2,0.4,96731
2020,2,0.4,0.6,25806
2020,3,0.6,1.0,20707
2020,4,1.0,2.0,21547
2020,5,2.0,3.0,9911
2020,6,3.0,5.0,8853
2020,7,5.0,10.0,5002
2020,8,10.0,20.0,276
2020,9,20.0,,1
2021,0,0.0,0.2,6068
2021,1,0.2,0.4,99754
2021,2,0.4,0.6,32371
2021,3,0.6,1.0,24066
2021,4,1.0,2.0,23861
2021,5,2.0,3.0,11115
2021,6,3.0,5.0,10607
2021,7,5.0,10.0,6200
2021,8,10.0,20.0,464
2021,9,20.0,,3
2022,0,0.0,0.2,6599
2022,1,0.2,0.4,107679
2022,2,0.4,0.6,28755
2022,3,0.6,1.0,23289
2022,4,1.0,2.0,24749
2022,5,2.0,3.0,11720
2022,6,3.0,5.0,10885
2022,7,5.0,10.0,6195
2022,8,10.0,20.0,422
2022,9,20.0,,6
2023,0,0.0,0.2,6643
2023,1,0.2,0.4,105887
2023,2,0.4,0.6,30195
2023,3,0.6,1.0,23643
2023,4,1.0,2.0,23322
2023,5,2.0,3.0,10696
2023,6,3.0,5.0,9694
2023,7,5.0,10.0,5318
2023,8,10.0,20.0,359
2023,9,20.0,,0
2024,0,0.0,0.2,6173
2024,1,0.2,0.4,93512
2024,2,0.4,0.6,28240
2024,3,0.6,1.0,22237
2024,4,1.0,2.0,21785
2024,5,2.0,3.0,9652
2024,6,3.0,5.0,8763
2024,7,5.0,10.0,4695
2024,8,10.0,20.0,255
2024,9,20.0,,0
