station_id,station_name,latitude,longitude,year
S46,Sime Road,1.3416,103.8106,2017
S117,Banyan Road,1.256,103.679,2017
S82,Tuas West Road,1.3247,103.6351,2017
S11,Choa Chu Kang Road,1.3746,103.6938,2017
S118,Handy Road,1.2994,103.8461,2017
S61,Chai Chee Street,1.323,103.9217,2017
S71,Kent Ridge Road,1.2923,103.7815,2017
S900,Seletar Aerospace View,1.41284,103.86922,2017
S121,Old Choa Chu Kang Road,1.37288,103.72244,2017
S81,Punggol Central,1.4029,103.9092,2017
S113,Marine Parade Road,1.30648,103.9104,2017
S44,Nanyang Avenue,1.34583,103.68166,2017
S72,Prince Edward Road,1.274,103.8482,2017
S77,Alexandra Road,1.2937,103.8125,2017
S69,Upper Peirce Reservoir Park,1.37,103.805,2017
S92,South Buona Vista Road,1.2841,103.7886,2017
S107,East Coast Parkway,1.3135,103.9625,2017
S91,Yishun Avenue 5,1.4301,103.8308,2017
S108,Marina Gardens Drive,1.2799,103.8703,2017
S50,Clementi Road,1.3337,103.7768,2017
S101,Corporation Road,1.35053,103.7134,2017
S122,Sembawang Road,1.41731,103.8249,2017
S35,Old Toh Tuck Road,1.3329,103.7556,2017
S60,Sentosa,1.25,103.8279,2017
S112,Lim Chu Kang Road,1.43854,103.70131,2017
S114,Choa Chu Kang Avenue 4,1.38,103.73,2017
S24,Upper Changi Road North,1.3678,103.9826,2017
S84,Simei Avenue,1.3437,103.9444,2017
S111,Scotts Road,1.31055,103.8365,2017
S64,Bukit Panjang Road,1.3824,103.7603,2017
S100,Woodlands Road,1.4172,103.74855,2017
S08,Upper Thomson Road,1.3701,103.8271,2017
S24B,Upper Changi Road North,1.3678,103.998,2017
S89,Tuas Road,1.31985,103.66162,2017
S63,International Road,1.3275,103.7042,2017
S90,Bukit Timah Road,1.3191,103.8191,2017
S96,Tanah Merah Coast Road,1.3175,104.0307,2017
S06,Paya Lebar,1.3524,103.9007,2017
S120,Holland Road,1.30874,103.818,2017
S66,Kranji Way,1.4387,103.7363,2017
S07,Lornie Road,1.3415,103.8334,2017
S103,Dairy Farm Road,1.364,103.777,2017
S29,Pasir Ris Drive 12,1.387,103.935,2017
S78,Poole Road,1.30703,103.89067,2017
S94,Pasir Ris Street 51,1.3662,103.9528,2017
S110,Serangoon North Avenue 4,1.36061,103.8697,2017
S115,Tuas South Avenue 3,1.29377,103.61843,2017
S116,West Coast Highway,1.281,103.754,2017
S123,Towner Road,1.3214,103.8577,2017
S40,Mandai Lake Road,1.4044,103.78962,2017
S79,Somerset Road,1.3004,103.8372,2017
S119,Nicoll Highway,1.30105,103.8666,2017
S104,Woodlands Avenue 9,1.44387,103.78538,2017
S109,Ang Mo Kio Avenue 5,1.3764,103.8492,2017
S88,Toa Payoh North,1.3427,103.8482,2017
S33,Jurong Pier Road,1.3081,103.71,2017
S43,Kim Chuan Road,1.3399,103.8878,2017
S102,Semakau Landfill,1.189,103.768,2017
S106,Pulau Ubin,1.4168,103.9673,2017
S55,Buangkok Green,1.3837,103.886,2017
S36,Upper Serangoon Road,1.3382,103.8657,2017
S97,Pioneer Sector 2,1.29389,103.66407,2017
S46,Sime Road,1.3416,103.8106,2018
S117,Banyan Road,1.256,103.679,2018
S82,Tuas West Road,1.3247,103.6351,2018
S11,Choa Chu Kang Road,1.3746,103.6938,2018
S118,Handy Road,1.2994,103.8461,2018
S61,Chai Chee Street,1.323,103.9217,2018
S71,Kent Ridge Road,1.2923,103.7815,2018
S900,Seletar Aerospace View,1.41284,103.86922,2018
S121,Old Choa Chu Kang Road,1.37288,103.72244,2018
S81,Punggol Central,1.4029,103.9092,2018
S113,Marine Parade Road,1.30648,103.9104,2018
S44,Nanyang Avenue,1.34583,103.68166,2018
S77,Alexandra Road,1.2937,103.8125,2018
S69,Upper Peirce Reservoir Park,1.37,103.805,2018
S92,South Buona Vista Road,1.2841,103.7886,2018
S107,East Coast Parkway,1.3135,103.9625,2018
S91,Yishun Avenue 5,1.4301,103.8308,2018
S108,Marina Gardens Drive,1.2799,103.8703,2018
S50,Clementi Road,1.3337,103.7768,2018
S101,Corporation Road,1.35053,103.7134,2018
S122,Sembawang Road,1.41731,103.8249,2018
S35,Old Toh Tuck Road,1.3329,103.7556,2018
S60,Sentosa,1.25,103.8279,2018
S105,Admiralty Road West,1.45817,103.79525,2018
S112,Lim Chu Kang Road,1.43854,103.70131,2018
S114,Choa Chu Kang Avenue 4,1.38,103.73,2018
S24,Upper Changi Road North,1.3678,103.9826,2018
S84,Simei Avenue,1.3437,103.9444,2018
S111,Scotts Road,1.31055,103.8365,2018
S64,Bukit Panjang Road,1.3824,103.7603,2018
S215,GEYLANG EAST CENTRAL,1.32785,103.88899,2018
S100,Woodlands Road,1.4172,103.74855,2018
S08,Upper Thomson Road,1.3701,103.8271,2018
S89,Tuas Road,1.31985,103.66162,2018
S90,Bukit Timah Road,1.3191,103.8191,2018
S120,Holland Road,1.30874,103.818,2018
S66,Kranji Way,1.4387,103.7363,2018
S07,Lornie Road,1.3415,103.8334,2018
S29,Pasir Ris Drive 12,1.387,103.935,2018
S78,Poole Road,1.30703,103.89067,2018
S94,Pasir Ris Street 51,1.3662,103.9528,2018
S115,Tuas South Avenue 3,1.29377,103.61843,2018
S116,West Coast Highway,1.281,103.754,2018
S123,Towner Road,1.3214,103.8577,2018
S40,Mandai Lake Road,1.4044,103.78962,2018
S79,Somerset Road,1.3004,103.8372,2018
S119,Nicoll Highway,1.30105,103.8666,2018
S104,Woodlands Avenue 9,1.44387,103.78538,2018
S109,Ang Mo Kio Avenue 5,1.3764,103.8492,2018
S88,Toa Payoh North,1.3427,103.8482,2018
S33,Jurong Pier Road,1.3081,103.71,2018
S43,Kim Chuan Road,1.3399,103.8878,2018
S102,Semakau Landfill,1.189,103.768,2018
S106,Pulau Ubin,1.4168,103.9673,2018
S55,Buangkok Green,1.3837,103.886,2018
S36,Upper Serangoon Road,1.3382,103.8657,2018
S46,Sime Road,1.3416,103.8106,2019
S117,Banyan Road,1.256,103.679,2019
S82,Tuas West Road,1.3247,103.6351,2019
S11,Choa Chu Kang Road,1.3746,103.6938,2019
S118,Handy Road,1.2994,103.8461,2019
S61,Chai Chee Street,1.323,103.9217,2019
S71,Kent Ridge Road,1.2923,103.7815,2019
S900,Seletar Aerospace View,1.41284,103.86922,2019
S121,Old Choa Chu Kang Road,1.37288,103.72244,2019
S81,Punggol Central,1.4029,103.9092,2019
S113,Marine Parade Road,1.30648,103.9104,2019
S44,Nanyang Avenue,1.34583,103.68166,2019
S77,Alexandra Road,1.2937,103.8125,2019
S69,Upper Peirce Reservoir Park,1.37,103.805,2019
S92,South Buona Vista Road,1.2841,103.7886,2019
S107,East Coast Parkway,1.3135,103.9625,2019
S91,Yishun Avenue 5,1.4301,103.8308,2019
S108,Marina Gardens Drive,1.2799,103.8703,2019
S50,Clementi Road,1.3337,103.7768,2019
S122,Sembawang Road,1.41731,103.8249,2019
S35,Old Toh Tuck Road,1.3329,103.7556,2019
S60,Sentosa,1.25,103.8279,2019
S105,Admiralty Road West,1.45817,103.79525,2019
S112,Lim Chu Kang Road,1.43854,103.70131,2019
S114,Choa Chu Kang Avenue 4,1.38,103.73,2019
S24,Upper Changi Road North,1.3678,103.9826,2019
S84,Simei Avenue,1.3437,103.9444,2019
S111,Scotts Road,1.31055,103.8365,2019
S64,Bukit Panjang Road,1.3824,103.7603,2019
S215,GEYLANG EAST CENTRAL,1.32785,103.88899,2019
S100,Woodlands Road,1.4172,103.74855,2019
S08,Upper Thomson Road,1.3701,103.8271,2019
S89,Tuas Road,1.31985,103.66162,2019
S90,Bukit Timah Road,1.3191,103.8191,2019
S120,Holland Road,1.30874,103.818,2019
S66,Kranji Way,1.4387,103.7363,2019
S07,Lornie Road,1.3415,103.8334,2019
S29,Pasir Ris Drive 12,1.387,103.935,2019
S78,Poole Road,1.30703,103.89067,2019
S94,Pasir Ris Street 51,1.3662,103.9528,2019
S115,Tuas South Avenue 3,1.29377,103.61843,2019
S116,West Coast Highway,1.281,103.754,2019
S123,Towner Road,1.3214,103.8577,2019
S40,Mandai Lake Road,1.4044,103.78962,2019
S79,Somerset Road,1.3004,103.8372,2019
S119,Nicoll Highway,1.30105,103.8666,2019
S104,Woodlands Avenue 9,1.44387,103.78538,2019
S109,Ang Mo Kio Avenue 5,1.3764,103.8492,2019
S88,Toa Payoh North,1.3427,103.8482,2019
S33,Jurong Pier Road,1.3081,103.71,2019
S43,Kim Chuan Road,1.3399,103.8878,2019
S106,Pulau Ubin,1.4168,103.9673,2019
S55,Buangkok Green,1.3837,103.886,2019
S36,Upper Serangoon Road,1.3382,103.8657,2019
S208,Changi East Close,1.3136,104.00317,2020
S214,Tanjong Rhu,1.29911,103.88289,2020
S46,Sime Road,1.3416,103.8106,2020
S117,Banyan Road,1.256,103.679,2020
S202,S202,1.30968,103.7578,2020
S220,Compassvale Lane,1.38666,103.89797,2020
S82,Tuas West Road,1.3247,103.6351,2020
S11,Choa Chu Kang Road,1.3746,103.6938,2020
S118,Handy Road,1.2994,103.8461,2020
S221,Hougang Avenue 1,1.35691,103.89088,2020
S61,Chai Chee Street,1.323,103.9217,2020
S71,Kent Ridge Road,1.2923,103.7815,2020
S900,Seletar Aerospace View,1.41284,103.86922,2020
S121,Old Choa Chu Kang Road,1.37288,103.72244,2020
S219,Yio Chu Kang Road,1.37999,103.87643,2020
S81,Punggol Central,1.4029,103.9092,2020
S113,Marine Parade Road,1.30648,103.9104,2020
S205,S205,1.38829,103.9116,2020
S44,Nanyang Avenue,1.34583,103.68166,2020
S77,Alexandra Road,1.2937,103.8125,2020
S69,Upper Peirce Reservoir Park,1.37,103.805,2020
S92,South Buona Vista Road,1.2841,103.7886,2020
S107,East Coast Parkway,1.3135,103.9625,2020
S203,Pasir Panjang,1.29164,103.7702,2020
S91,Yishun Avenue 5,1.4301,103.8308,2020
S108,Marina Gardens Drive,1.2799,103.8703,2020
S50,Clementi Road,1.3337,103.7768,2020
S122,Sembawang Road,1.41731,103.8249,2020
S227,Woodlands Drive 62,1.43944,103.80389,2020
S229,Jurong West Street 42,1.35167,103.72195,2020
S35,Old Toh Tuck Road,1.3329,103.7556,2020
S60,Sentosa,1.25,103.8279,2020
S105,Admiralty Road West,1.45817,103.79525,2020
S112,Lim Chu Kang Road,1.43854,103.70131,2020
S114,Choa Chu Kang Avenue 4,1.38,103.73,2020
S24,Upper Changi Road North,1.3678,103.9826,2020
S84,Simei Avenue,1.3437,103.9444,2020
S111,Scotts Road,1.31055,103.8365,2020
S217,Bishan Street 13,1.35041,103.85526,2020
S64,Bukit Panjang Road,1.3824,103.7603,2020
S204,S204,1.40081,103.88217,2020
S211,Kranji Road,1.42918,103.75711,2020
S215,GEYLANG EAST CENTRAL,1.32785,103.88899,2020
S230,West Coast Road,1.30167,103.76444,2020
S100,Woodlands Road,1.4172,103.74855,2020
S212,Tampines Avenue 9,1.31835,103.93574,2020
S08,Upper Thomson Road,1.3701,103.8271,2020
S89,Tuas Road,1.31985,103.66162,2020
S213,Coronation Walk,1.32427,103.8097,2020
S223,Margaret Drive,1.29984,103.80264,2020
S90,Bukit Timah Road,1.3191,103.8191,2020
S120,Holland Road,1.30874,103.818,2020
S226,Malan Road,1.27472,103.80389,2020
S66,Kranji Way,1.4387,103.7363,2020
S07,Lornie Road,1.3415,103.8334,2020
S201,Clementi Park,1.32311,103.76714,2020
S29,Pasir Ris Drive 12,1.387,103.935,2020
S78,Poole Road,1.30703,103.89067,2020
S224,Airport Boulevard,1.34392,103.98409,2020
S94,Pasir Ris Street 51,1.3662,103.9528,2020
S115,Tuas South Avenue 3,1.29377,103.61843,2020
S116,West Coast Highway,1.281,103.754,2020
S123,Towner Road,1.3214,103.8577,2020
S222,Henderson Road,1.28987,103.82364,2020
S40,Mandai Lake Road,1.4044,103.78962,2020
S79,Somerset Road,1.3004,103.8372,2020
S119,Nicoll Highway,1.30105,103.8666,2020
S207,Bedok Road,1.32485,103.95836,2020
S210,Woodlands Centre,1.44003,103.76904,2020
S104,Woodlands Avenue 9,1.44387,103.78538,2020
S109,Ang Mo Kio Avenue 5,1.3764,103.8492,2020
S218,Bukit Batok Street 34,1.36491,103.75065,2020
S228,Jurong West Street 73,1.34703,103.70073,2020
S88,Toa Payoh North,1.3427,103.8482,2020
S216,Ang Mo Kio Avenue 10,1.36019,103.85335,2020
S33,Jurong Pier Road,1.3081,103.71,2020
S43,Kim Chuan Road,1.3399,103.8878,2020
S106,Pulau Ubin,1.4168,103.9673,2020
S36,Upper Serangoon Road,1.3382,103.8657,2020
S209,Yishun Ring Road,1.42111,103.84472,2020
S208,Changi East Close,1.3136,104.00317,2021
S214,Tanjong Rhu,1.29911,103.88289,2021
S202,S202,1.30968,103.7578,2021
S220,Compassvale Lane,1.38666,103.89797,2021
S82,Tuas West Road,1.3247,103.6351,2021
S11,Choa Chu Kang Road,1.3746,103.6938,2021
S118,Handy Road,1.2994,103.8461,2021
S221,Hougang Avenue 1,1.35691,103.89088,2021
S61,Chai Chee Street,1.323,103.9217,2021
S71,Kent Ridge Road,1.2923,103.7815,2021
S900,Seletar Aerospace View,1.41284,103.86922,2021
S121,Old Choa Chu Kang Road,1.37288,103.72244,2021
S219,Yio Chu Kang Road,1.37999,103.87643,2021
S81,Punggol Central,1.4029,103.9092,2021
S113,Marine Parade Road,1.30648,103.9104,2021
S205,S205,1.38829,103.9116,2021
S44,Nanyang Avenue,1.34583,103.68166,2021
S77,Alexandra Road,1.2937,103.8125,2021
S69,Upper Peirce Reservoir Park,1.37,103.805,2021
S92,South Buona Vista Road,1.2841,103.7886,2021
S107,East Coast Parkway,1.3135,103.9625,2021
S203,Pasir Panjang,1.29164,103.7702,2021
S91,Yishun Avenue 5,1.4301,103.8308,2021
S108,Marina Gardens Drive,1.2799,103.8703,2021
S50,Clementi Road,1.3337,103.7768,2021
S122,Sembawang Road,1.41731,103.8249,2021
S227,Woodlands Drive 62,1.43944,103.80389,2021
S229,Jurong West Street 42,1.35167,103.72195,2021
S35,Old Toh Tuck Road,1.3329,103.7556,2021
S60,Sentosa,1.25,103.8279,2021
S112,Lim Chu Kang Road,1.43854,103.70131,2021
S114,Choa Chu Kang Avenue 4,1.38,103.73,2021
S24,Upper Changi Road North,1.3678,103.9826,2021
S84,Simei Avenue,1.3437,103.9444,2021
S111,Scotts Road,1.31055,103.8365,2021
S217,Bishan Street 13,1.35041,103.85526,2021
S204,S204,1.40081,103.88217,2021
S211,Kranji Road,1.42918,103.75711,2021
S215,GEYLANG EAST CENTRAL,1.32785,103.88899,2021
S230,West Coast Road,1.30167,103.76444,2021
S100,Woodlands Road,1.4172,103.74855,2021
S212,Tampines Avenue 9,1.31835,103.93574,2021
S08,Upper Thomson Road,1.3701,103.8271,2021
S89,Tuas Road,1.31985,103.66162,2021
S213,Coronation Walk,1.32427,103.8097,2021
S223,Margaret Drive,1.29984,103.80264,2021
S90,Bukit Timah Road,1.3191,103.8191,2021
S120,Holland Road,1.30874,103.818,2021
S226,Malan Road,1.27472,103.80389,2021
S66,Kranji Way,1.4387,103.7363,2021
S07,Lornie Road,1.3415,103.8334,2021
S201,Clementi Park,1.32311,103.76714,2021
S29,Pasir Ris Drive 12,1.387,103.935,2021
S78,Poole Road,1.30703,103.89067,2021
S224,Airport Boulevard,1.34392,103.98409,2021
S94,Pasir Ris Street 51,1.3662,103.9528,2021
S115,Tuas South Avenue 3,1.29377,103.61843,2021
S116,West Coast Highway,1.281,103.754,2021
S123,Towner Road,1.3214,103.8577,2021
S222,Henderson Road,1.28987,103.82364,2021
S40,Mandai Lake Road,1.4044,103.78962,2021
S79,Somerset Road,1.3004,103.8372,2021
S119,Nicoll Highway,1.30105,103.8666,2021
S207,Bedok Road,1.32485,103.95836,2021
S210,Woodlands Centre,1.44003,103.76904,2021
S104,Woodlands Avenue 9,1.44387,103.78538,2021
S109,Ang Mo Kio Avenue 5,1.3764,103.8492,2021
S218,Bukit Batok Street 34,1.36491,103.75065,2021
S228,Jurong West Street 73,1.34703,103.70073,2021
S88,Toa Payoh North,1.3427,103.8482,2021
S216,Ang Mo Kio Avenue 10,1.36019,103.85335,2021
S33,Jurong Pier Road,1.3081,103.71,2021
S43,Kim Chuan Road,1.3399,103.8878,2021
S106,Pulau Ubin,1.4168,103.9673,2021
S36,Upper Serangoon Road,1.3382,103.8657,2021
S209,Yishun Ring Road,1.42111,103.84472,2021
S208,Changi East Close,1.3136,104.00317,2022
S214,Tanjong Rhu,1.29911,103.88289,2022
S202,S202,1.30968,103.7578,2022
S220,Compassvale Lane,1.38666,103.89797,2022
S82,Tuas West Road,1.3247,103.6351,2022
S118,Handy Road,1.2994,103.8461,2022
S221,Hougang Avenue 1,1.35691,103.89088,2022
S61,Chai Chee Street,1.323,103.9217,2022
S71,Kent Ridge Road,1.2923,103.7815,2022
S900,Seletar Aerospace View,1.41284,103.86922,2022
S121,Old Choa Chu Kang Road,1.37288,103.72244,2022
S219,Yio Chu Kang Road,1.37999,103.87643,2022
S81,Punggol Central,1.4029,103.9092,2022
S113,Marine Parade Road,1.30648,103.9104,2022
S205,S205,1.38829,103.9116,2022
S44,Nanyang Avenue,1.34583,103.68166,2022
S77,Alexandra Road,1.2937,103.8125,2022
S69,Upper Peirce Reservoir Park,1.37,103.805,2022
S107,East Coast Parkway,1.3135,103.9625,2022
S203,Pasir Panjang,1.29164,103.7702,2022
S108,Marina Gardens Drive,1.2799,103.8703,2022
S50,Clementi Road,1.3337,103.7768,2022
S227,Woodlands Drive 62,1.43944,103.80389,2022
S229,Jurong West Street 42,1.35167,103.72195,2022
S35,Old Toh Tuck Road,1.3329,103.7556,2022
S60,Sentosa,1.25,103.8279,2022
S112,Lim Chu Kang Road,1.43854,103.70131,2022
S114,Choa Chu Kang Avenue 4,1.38,103.73,2022
S24,Upper Changi Road North,1.3678,103.9826,2022
S84,Simei Avenue,1.3437,103.9444,2022
S111,Scotts Road,1.31055,103.8365,2022
S217,Bishan Street 13,1.35041,103.85526,2022
S64,Bukit Panjang Road,1.3824,103.7603,2022
S204,S204,1.40081,103.88217,2022
S211,Kranji Road,1.42918,103.75711,2022
S215,GEYLANG EAST CENTRAL,1.32785,103.88899,2022
S230,West Coast Road,1.30167,103.76444,2022
S100,Woodlands Road,1.4172,103.74855,2022
S212,Tampines Avenue 9,1.31835,103.93574,2022
S08,Upper Thomson Road,1.3701,103.8271,2022
S89,Tuas Road,1.31985,103.66162,2022
S213,Coronation Walk,1.32427,103.8097,2022
S223,Margaret Drive,1.29984,103.80264,2022
S90,Bukit Timah Road,1.3191,103.8191,2022
S120,Holland Road,1.30874,103.818,2022
S226,Malan Road,1.27472,103.80389,2022
S66,Kranji Way,1.4387,103.7363,2022
S201,Clementi Park,1.32311,103.76714,2022
S78,Poole Road,1.30703,103.89067,2022
S224,Airport Boulevard,1.34392,103.98409,2022
S94,Pasir Ris Street 51,1.3662,103.9528,2022
S115,Tuas South Avenue 3,1.29377,103.61843,2022
S116,West Coast Highway,1.281,103.754,2022
S123,Towner Road,1.3214,103.8577,2022
S222,Henderson Road,1.28987,103.82364,2022
S40,Mandai Lake Road,1.4044,103.78962,2022
S79,Somerset Road,1.3004,103.8372,2022
S119,Nicoll Highway,1.30105,103.8666,2022
S207,Bedok Road,1.32485,103.95836,2022
S210,Woodlands Centre,1.44003,103.76904,2022
S104,Woodlands Avenue 9,1.44387,103.78538,2022
S109,Ang Mo Kio Avenue 5,1.3764,103.8492,2022
S218,Bukit Batok Street 34,1.36491,103.75065,2022
S228,Jurong West Street 73,1.34703,103.70073,2022
S88,Toa Payoh North,1.3427,103.8482,2022
S216,Ang Mo Kio Avenue 10,1.36019,103.85335,2022
S33,Jurong Pier Road,1.3081,103.71,2022
S43,Kim Chuan Road,1.3399,103.8878,2022
S102,Semakau Landfill,1.189,103.768,2022
S106,Pulau Ubin,1.4168,103.9673,2022
S36,Upper Serangoon Road,1.3382,103.8657,2022
S209,Yishun Ring Road,1.42111,103.84472,2022
S208,Changi East Close,1.3136,104.00317,2023
S214,Tanjong Rhu,1.29911,103.88289,2023
S117,Banyan Road,1.256,103.679,2023
S202,S202,1.30968,103.7578,2023
S220,Compassvale Lane,1.38666,103.89797,2023
S118,Handy Road,1.2994,103.8461,2023
S221,Hougang Avenue 1,1.35691,103.89088,2023
S61,Chai Chee Street,1.323,103.9217,2023
S71,Kent Ridge Road,1.2923,103.7815,2023
S900,Seletar Aerospace View,1.41284,103.86922,2023
S121,Old Choa Chu Kang Road,1.37288,103.72244,2023
S219,Yio Chu Kang Road,1.37999,103.87643,2023
S81,Punggol Central,1.4029,103.9092,2023
S113,Marine Parade Road,1.30648,103.9104,2023
S205,S205,1.38829,103.9116,2023
S44,Nanyang Avenue,1.34583,103.68166,2023
S77,Alexandra Road,1.2937,103.8125,2023
S69,Upper Peirce Reservoir Park,1.37,103.805,2023
S107,East Coast Parkway,1.3135,103.9625,2023
S203,Pasir Panjang,1.29164,103.7702,2023
S108,Marina Gardens Drive,1.2799,103.8703,2023
S50,Clementi Road,1.3337,103.7768,2023
S227,Woodlands Drive 62,1.43944,103.80389,2023
S229,Jurong West Street 42,1.35167,103.72195,2023
S35,Old Toh Tuck Road,1.3329,103.7556,2023
S60,Sentosa,1.25,103.8279,2023
S112,Lim Chu Kang Road,1.43854,103.70131,2023
S114,Choa Chu Kang Avenue 4,1.38,103.73,2023
S24,Upper Changi Road North,1.3678,103.9826,2023
S84,Simei Avenue,1.3437,103.9444,2023
S111,Scotts Road,1.31055,103.8365,2023
S217,Bishan Street 13,1.35041,103.85526,2023
S64,Bukit Panjang Road,1.3824,103.7603,2023
S204,S204,1.40081,103.88217,2023
S211,Kranji Road,1.42918,103.75711,2023
S215,GEYLANG EAST CENTRAL,1.32785,103.88899,2023
S230,West Coast Road,1.30167,103.76444,2023
S100,Woodlands Road,1.4172,103.74855,2023
S212,Tampines Avenue 9,1.31835,103.93574,2023
S08,Upper Thomson Road,1.3701,103.8271,2023
S89,Tuas Road,1.31985,103.66162,2023
S213,Coronation Walk,1.32427,103.8097,2023
S223,Margaret Drive,1.29984,103.80264,2023
S90,Bukit Timah Road,1.3191,103.8191,2023
S120,Holland Road,1.30874,103.818,2023
S226,Malan Road,1.27472,103.80389,2023
S66,Kranji Way,1.4387,103.7363,2023
S07,Lornie Road,1.3415,103.8334,2023
S201,Clementi Park,1.32311,103.76714,2023
S78,Poole Road,1.30703,103.89067,2023
S224,Airport Boulevard,1.34392,103.98409,2023
S94,Pasir Ris Street 51,1.3662,103.9528,2023
S115,Tuas South Avenue 3,1.29377,103.61843,2023
S116,West Coast Highway,1.281,103.754,2023
S123,Towner Road,1.3214,103.8577,2023
S222,Henderson Road,1.28987,103.82364,2023
S40,Mandai Lake Road,1.4044,103.78962,2023
S79,Somerset Road,1.3004,103.8372,2023
S119,Nicoll Highway,1.30105,103.8666,2023
S207,Bedok Road,1.32485,103.95836,2023
S210,Woodlands Centre,1.44003,103.76904,2023
S104,Woodlands Avenue 9,1.44387,103.78538,2023
S109,Ang Mo Kio Avenue 5,1.3764,103.8492,2023
S218,Bukit Batok Street 34,1.36491,103.75065,2023
S228,Jurong West Street 73,1.34703,103.70073,2023
S88,Toa Payoh North,1.3427,103.8482,2023
S216,Ang Mo Kio Avenue 10,1.36019,103.85335,2023
S33,Jurong Pier Road,1.3081,103.71,2023
S43,Kim Chuan Road,1.3399,103.8878,2023
S102,Semakau Landfill,1.189,103.768,2023
S106,Pulau Ubin,1.4168,103.9673,2023
S36,Upper Serangoon Road,1.3382,103.8657,2023
S209,Yishun Ring Road,1.42111,103.84472,2023
S91,Yishun Avenue 5,1.4301,103.8308,2023
S208,Changi East Close,1.3136,104.00317,2024
S214,Tanjong Rhu,1.29911,103.88289,2024
S117,Banyan Road,1.256,103.679,2024
S220,Compassvale Lane,1.38666,103.89797,2024
S118,Handy Road,1.2994,103.8461,2024
S221,Hougang Avenue 1,1.35691,103.89088,2024
S71,Kent Ridge Road,1.2923,103.7815,2024
S900,Seletar Aerospace View,1.41284,103.86922,2024
S121,Old Choa Chu Kang Road,1.37288,103.72244,2024
S219,Yio Chu Kang Road,1.37999,103.87643,2024
S81,Punggol Central,1.4029,103.9092,2024
S113,Marine Parade Road,1.30648,103.9104,2024
S44,Nanyang Avenue,1.34583,103.68166,2024
S77,Alexandra Road,1.2937,103.8125,2024
S69,Upper Peirce Reservoir Park,1.37,103.805,2024
S92,South Buona Vista Road,1.2841,103.7886,2024
S107,East Coast Parkway,1.3135,103.9625,2024
S203,Pasir Panjang,1.29164,103.7702,2024
S108,Marina Gardens Drive,1.2799,103.8703,2024
S50,Clementi Road,1.3337,103.7768,2024
S227,Woodlands Drive 62,1.43944,103.80389,2024
S229,Jurong West Street 42,1.35167,103.72195,2024
S35,Old Toh Tuck Road,1.3329,103.7556,2024
S60,Sentosa,1.25,103.8279,2024
S112,Lim Chu Kang Road,1.43854,103.70131,2024
S114,Choa Chu Kang Avenue 4,1.38,103.73,2024
S24,Upper Changi Road North,1.3678,103.9826,2024
S84,Simei Avenue,1.3437,103.9444,2024
S111,Scotts Road,1.31055,103.8365,2024
S217,Bishan Street 13,1.35041,103.85526,2024
S64,Bukit Panjang Road,1.3824,103.7603,2024
S211,Kranji Road,1.42918,103.75711,2024
S215,GEYLANG EAST CENTRAL,1.32785,103.88899,2024
S230,West Coast Road,1.30167,103.76444,2024
S212,Tampines Avenue 9,1.31835,103.93574,2024
S08,Upper Thomson Road,1.3701,103.8271,2024
S89,Tuas Road,1.31985,103.66162,2024
S213,Coronation Walk,1.32427,103.8097,2024
S223,Margaret Drive,1.29984,103.80264,2024
S90,Bukit Timah Road,1.3191,103.8191,2024
S06,Paya Lebar,1.3524,103.9007,2024
S120,Holland Road,1.30874,103.818,2024
S226,Malan Road,1.27472,103.80389,2024
S66,Kranji Way,1.4387,103.7363,2024
S07,Lornie Road,1.3415,103.8334,2024
S201,Clementi Park,1.32311,103.76714,2024
S29,Pasir Ris Drive 12,1.387,103.935,2024
S78,Poole Road,1.30703,103.89067,2024
S224,Airport Boulevard,1.34392,103.98409,2024
S94,Pasir Ris Street 51,1.3662,103.9528,2024
S115,Tuas South Avenue 3,1.29377,103.61843,2024
S116,West Coast Highway,1.281,103.754,2024
S123,Towner Road,1.3214,103.8577,2024
S222,Henderson Road,1.28987,103.82364,2024
S40,Mandai Lake Road,1.4044,103.78962,2024
S79,Somerset Road,1.3004,103.8372,2024
S119,Nicoll Highway,1.30105,103.8666,2024
S207,Bedok Road,1.32485,103.95836,2024
S210,Woodlands Centre,1.44003,103.76904,2024
S104,Woodlands Avenue 9,1.44387,103.78538,2024
S109,Ang Mo Kio Avenue 5,1.3764,103.8492,2024
S218,Bukit Batok Street 34,1.36491,103.75065,2024
S228,Jurong West Street 73,1.34703,103.70073,2024
S88,Toa Payoh North,1.3427,103.8482,2024
S216,Ang Mo Kio Avenue 10,1.36019,103.85335,2024
S33,Jurong Pier Road,1.3081,103.71,2024
S43,Kim Chuan Road,1.3399,103.8878,2024
S102,Semakau Landfill,1.189,103.768,2024
S106,Pulau Ubin,1.4168,103.9673,2024
S209,Yishun Ring Road,1.42111,103.84472,2024
