year,station_id,calendar_coverage_pct,observed_intervals
2017,S900,94.88108828006088,99739
2017,S123,98.1326103500761,103157
2017,S89,90.6687595129376,95311
2017,S108,83.21347031963471,87474
2017,S35,97.24600456621005,102225
2017,S79,96.81982496194826,101777
2017,S112,95.5593607305936,100452
2017,S90,93.85464231354642,98660
2017,S109,91.17199391171994,95840
2017,S33,93.34950532724504,98129
2017,S24,95.478500761035,100367
2017,S44,78.42846270928463,82444
2017,S66,93.83561643835615,98640
2017,S113,96.0150304414003,100931
2017,S78,97.59988584474884,102597
2017,S81,97.40867579908677,102396
2017,S88,96.46118721461188,101400
2017,S115,93.88127853881278,98688
2017,S08,84.54813546423135,88877
2017,S116,97.72450532724504,102728
2017,S43,95.08561643835615,99954
2017,S77,98.125,103149
2017,S104,77.23268645357686,81187
2017,S111,30.008561643835616,31545
2017,S60,41.26426940639269,43377
2017,S106,83.5074200913242,87783
2017,S118,90.15030441400305,94766
2017,S119,95.68493150684932,100584
2017,S50,85.62785388127854,90012
2017,S71,90.771499238965,95419
2017,S114,96.11872146118722,101040
2017,S120,97.205098934551,102182
2017,S94,98.00228310502284,103020
2017,S121,85.04090563165906,89395
2017,S69,91.2566590563166,95929
2017,S107,93.83656773211568,98641
2017,S84,91.74657534246576,96444
2017,S40,95.59741248097411,100492
2018,S24,83.85178843226788,88145
2018,S43,81.91590563165906,86110
2018,S107,81.89497716894977,86088
2018,S60,78.71004566210046,82740
2018,S900,82.83295281582953,87074
2018,S120,83.48458904109589,87759
2018,S123,83.9193302891933,88216
2018,S40,83.97165144596651,88271
2018,S08,81.97678843226788,86174
2018,S106,73.31906392694064,77073
2018,S81,83.94977168949772,88248
2018,S89,83.97355403348554,88273
2018,S69,77.6398401826484,81615
2018,S77,83.93645357686454,88234
2018,S88,83.95167427701675,88250
2018,S35,79.60616438356165,83682
2018,S71,76.90639269406392,80844
2018,S111,82.26883561643835,86481
2018,S113,82.76731354642314,87005
2018,S79,82.68835616438356,86922
2018,S115,80.25970319634703,84369
2018,S116,83.27149923896499,87535
2018,S44,83.41133942161339,87682
2018,S50,78.6539193302892,82681
2018,S112,79.22374429223744,83280
2018,S114,83.64535768645358,87928
2018,S121,83.35806697108067,87626
2018,S33,81.62290715372907,85802
2018,S84,80.21974885844749,84327
2018,S90,83.96213850837138,88261
2018,S109,75.92465753424658,79812
2018,S118,81.64098173515981,85821
2018,S66,76.79318873668188,80725
2018,S94,83.95167427701675,88250
2018,S78,83.68436073059361,87969
2018,S119,80.09893455098934,84200
2018,S104,73.47317351598174,77235
2018,S108,64.42446727549468,67723
2019,S120,96.24904870624049,101177
2019,S107,94.85540334855403,99712
2019,S24,96.02834855403349,100945
2019,S35,95.68873668188736,100588
2019,S60,91.58390410958904,96273
2019,S118,93.41324200913242,98196
2019,S119,94.8972602739726,99756
2019,S89,96.2366818873668,101164
2019,S121,93.83371385083714,98638
2019,S69,72.97945205479452,76716
2019,S88,96.2433409436834,101171
2019,S900,95.79147640791476,100696
2019,S33,95.70966514459666,100610
2019,S104,95.54128614916286,100433
2019,S114,87.28310502283105,91752
2019,S84,74.62804414003044,78449
2019,S115,84.79452054794521,89136
2019,S50,92.88717656012176,97643
2019,S77,96.25095129375951,101179
2019,S94,96.2271689497717,101154
2019,S113,96.24619482496196,101174
2019,S123,92.1318493150685,96849
2019,S71,61.66476407914764,64822
2019,S79,95.84474885844747,100752
2019,S78,96.0587899543379,100977
2019,S90,96.24714611872146,101175
2019,S111,95.79623287671232,100701
2019,S08,95.91324200913242,100824
2019,S108,73.00418569254185,76742
2019,S106,90.66400304414005,95306
2019,S116,93.58732876712328,98379
2019,S44,94.41590563165906,99250
2019,S109,78.162100456621,82164
2019,S40,95.17218417047184,100045
2019,S43,94.9039193302892,99763
2019,S112,87.30783866057838,91778
2019,S66,94.34360730593608,99174
2019,S81,96.24809741248096,101176
2020,S106,88.4411050394657,93224
2020,S111,94.70628415300548,99828
2020,S60,80.61152853673346,84971
2020,S90,95.43962507589556,100601
2020,S107,93.64374620522162,98708
2020,S118,93.90273982999392,98981
2020,S116,91.50633727990284,96455
2020,S66,95.76218123861568,100941
2020,S119,94.54785215543411,99661
2020,S121,96.1767607771706,101378
2020,S900,94.99373861566484,100131
2020,S77,96.117941712204,101316
2020,S113,96.21281117182755,101416
2020,S40,95.25842440801458,100410
2020,S71,94.65979811778992,99779
2020,S108,81.76798724954463,86190
2020,S109,90.15349878567092,95029
2020,S120,96.24411809350336,101449
2020,S94,96.23842592592592,101443
2020,S35,91.75963873709776,96722
2020,S114,94.87135701275044,100002
2020,S44,95.9604584092289,101150
2020,S84,89.24275197328475,94069
2020,S50,96.23842592592592,101443
2020,S79,95.73182301153612,100909
2020,S81,96.22324681238617,101427
2020,S115,92.28142076502732,97272
2020,S89,96.23273375834852,101437
2020,S123,94.43685488767456,99544
2020,S88,96.2592972070431,101465
2020,S78,96.22324681238617,101427
2020,S69,91.3260853066181,96265
2020,S33,95.85705069823922,101041
2020,S43,95.9898679417122,101181
2020,S104,96.1388129933212,101338
2020,S112,89.30726320582878,94137
2020,S08,96.2460154826958,101451
2020,S24,96.14545385549484,101345
2021,S116,98.7281202435312,103783
2021,S111,96.91495433789954,101877
2021,S113,98.67865296803652,103731
2021,S60,0.091324200913242,96
2021,S106,91.35178843226788,96029
2021,S81,98.71765601217656,103772
2021,S108,98.7195585996956,103774
2021,S40,98.72146118721462,103776
2021,S24,98.63108828006088,103681
2021,S900,98.48839421613394,103531
2021,S71,98.23344748858447,103263
2021,S119,93.04033485540334,97804
2021,S33,97.2498097412481,102229
2021,S84,98.2353500761035,103265
2021,S50,96.03786149162862,100955
2021,S79,98.22869101978692,103258
2021,S121,97.56278538812784,102558
2021,S66,95.78862252663625,100693
2021,S08,97.97469558599695,102991
2021,S115,95.94748858447488,100860
2021,S104,90.11225266362251,94726
2021,S77,98.2125190258752,103241
2021,S44,98.10407153729072,103127
2021,S78,98.69577625570776,103749
2021,S89,98.712899543379,103767
2021,S112,98.45890410958904,103500
2021,S118,98.06697108066972,103088
2021,S120,98.70909436834094,103763
2021,S88,98.69197108066972,103745
2021,S35,84.9410197869102,89290
2021,S114,93.22488584474884,97998
2021,S69,96.16628614916286,101090
2021,S107,97.96613394216132,102982
2021,S94,98.71670471841703,103771
2021,S123,95.87233637747336,100781
2021,S43,98.71385083713852,103768
2021,S90,98.71860730593608,103773
2021,S109,95.84855403348554,100756
2022,S900,99.34265601217656,104429
2022,S106,98.33523592085236,103370
2022,S115,97.4866818873668,102478
2022,S88,99.7935692541857,104903
2022,S114,99.84874429223744,104961
2022,S89,99.82591324200914,104937
2022,S121,94.94672754946728,99808
2022,S35,92.05574581430746,96769
2022,S77,99.82401065449012,104935
2022,S94,99.81735159817352,104928
2022,S112,99.77073820395738,104879
2022,S33,98.2420091324201,103272
2022,S116,96.67903348554032,101629
2022,S78,99.82686453576864,104938
2022,S120,98.62442922374429,103674
2022,S108,94.8011796042618,99655
2022,S71,99.6099695585997,104710
2022,S66,98.8089802130898,103868
2022,S111,97.88432267884323,102896
2022,S69,99.25133181126331,104333
2022,S44,99.58333333333331,104682
2022,S40,99.14954337899545,104226
2022,S104,98.16019786910198,103186
2022,S123,99.25608828006088,104338
2022,S79,99.02397260273972,104094
2022,S90,99.7498097412481,104857
2022,S113,99.78215372907154,104891
2022,S43,99.16761796042618,104245
2022,S107,99.64231354642314,104744
2022,S84,99.21137747336375,104291
2022,S08,99.7498097412481,104857
2022,S118,99.337899543379,104424
2022,S119,97.99942922374429,103017
2022,S50,99.61472602739724,104715
2022,S109,95.31868340943684,100199
2022,S24,99.7355403348554,104842
2022,S60,32.81297564687976,34493
2022,S81,99.8468417047184,104959
2023,S33,84.93436073059361,89283
2023,S50,96.97583713850835,101941
2023,S35,96.765601217656,101720
2023,S90,97.03862252663625,102007
2023,S111,90.68112633181126,95324
2023,S24,90.31582952815828,94940
2023,S119,96.97964231354642,101945
2023,S84,92.84056316590564,97594
2023,S88,95.98649162861491,100901
2023,S112,95.84950532724504,100757
2023,S115,92.5218797564688,97259
2023,S89,96.43264840182648,101370
2023,S113,96.97678843226788,101942
2023,S60,94.64326484018264,99489
2023,S66,96.61244292237444,101559
2023,S77,97.04147640791476,102010
2023,S104,96.95015220700152,101914
2023,S94,97.0367199391172,102005
2023,S118,95.72583713850835,100627
2023,S78,96.765601217656,101720
2023,S81,97.03862252663625,102007
2023,S900,96.7418188736682,101695
2023,S69,96.7208904109589,101673
2023,S107,96.67047184170472,101620
2023,S123,96.1767503805175,101101
2023,S109,88.91742770167427,93470
2023,S106,49.78976407914764,52339
2023,S114,96.7646499238965,101719
2023,S79,96.20243531202436,101128
2023,S116,90.85806697108067,95510
2023,S121,95.12652207001524,99997
2023,S44,82.52378234398782,86749
2023,S108,32.275494672754945,33928
2023,S08,96.85407153729072,101813
2023,S120,97.01388888888889,101981
2023,S40,95.07705479452056,99945
2023,S43,96.6029299847793,101549
2023,S71,97.03767123287672,102006
2024,S119,98.93651335761992,104287
2024,S69,93.3610352155434,98410
2024,S112,80.53847905282332,84894
2024,S114,87.8197100789314,92569
2024,S33,93.96725106253795,99049
2024,S78,98.30088797814209,103617
2024,S104,96.80669398907104,102042
2024,S115,96.21470856102005,101418
2024,S81,99.03802367941712,104394
2024,S08,95.42254857316333,100583
2024,S109,98.18514723740134,103495
2024,S118,2.289200060716454,2413
2024,S123,73.94315421979357,77942
2024,S50,99.4184502125076,104795
2024,S900,98.61490588949606,103948
2024,S113,95.52500758955676,100691
2024,S24,99.34350333940498,104716
2024,S40,93.18268063145112,98222
2024,S79,86.71258348512447,91402
2024,S44,90.02542501517911,94894
2024,S35,99.375758955677,104750
2024,S94,90.81473891924712,95726
2024,S120,29.77098512446873,31381
2024,S116,92.2463190649666,97235
2024,S121,95.42539465695204,100586
2024,S88,96.81807832422588,102054
2024,S90,97.28578476017,102547
2024,S107,96.80289921068608,102038
2024,S108,48.63293108682453,51263
2024,S60,89.22188069216757,94047
2024,S71,95.74510473588344,100923
2024,S89,98.46216605950212,103787
2024,S106,14.850865209471769,15654
2024,S84,96.8323087431694,102069
2024,S77,98.1652246508804,103474
2024,S111,97.90623102610807,103201
2024,S66,95.83617941712204,101019
2024,S43,99.07786885245902,104436
