month,median_mm,q25_mm,q75_mm,n_station_months
1,197.39999999999992,118.599985,336.3,300
2,137.22799999999998,62.39999999999999,218.3999899999999,405
3,211.09999999999997,144.224,294.4,400
4,237.80001,192.19999999999996,299.30000499999994,371
5,212.3999799999999,152.79999999999995,259.59997999999996,417
6,217.39999999999995,170.0,272.00001,377
7,137.39999999999998,95.15,193.19999999999996,344
8,145.09999999999997,88.95,258.75,336
9,214.734,153.573,268.5,474
10,183.80400000000003,139.79999999999998,239.20001,473
11,313.2,262.8515050000001,370.3500075,410
12,247.09999499999995,200.79999249999995,311.75000750000004,452
