station_id,rainy_pct,eligible_years,latitude,longitude
S08,3.3154550131613005,4,1.3701,103.8271
S104,3.1147137238781255,4,1.44387,103.78538
S107,2.6396201884195363,4,1.3135,103.9625
S109,3.2359321057529713,4,1.3764,103.8492
S111,3.086299902980954,4,1.31055,103.8365
S112,3.215848128884189,4,1.43854,103.70131
S113,2.741689215684532,4,1.30648,103.9104
S114,3.279134834772224,4,1.38,103.73
S115,2.943763345269343,4,1.29377,103.61843
S116,2.972821223393518,4,1.281,103.754
S119,2.964508071729122,4,1.30105,103.8666
S121,3.342900688085873,4,1.37288,103.72244
S201,3.346893134706072,4,1.32311,103.76714
S203,3.2491403575444506,4,1.29164,103.7702
S207,2.761202149034319,4,1.32485,103.95836
S208,2.090012288672172,4,1.3136,104.00317
S209,3.092727267432097,4,1.42111,103.84472
S210,3.2321949299184216,4,1.44003,103.76904
S211,3.2264512103925904,4,1.42918,103.75711
S213,3.146560158562343,4,1.32427,103.8097
S214,2.7268547436992883,4,1.29911,103.88289
S215,2.8393062452857114,4,1.32785,103.88899
S216,3.2044297459696622,4,1.36019,103.85335
S217,3.2510901238595205,4,1.35041,103.85526
S218,3.2364298095469826,4,1.36491,103.75065
S219,3.162519188395028,4,1.37999,103.87643
S220,2.9216510123239448,4,1.38666,103.89797
S221,3.111764964073598,4,1.35691,103.89088
S222,3.107100441026984,4,1.28987,103.82364
S223,3.0463377401871403,4,1.29984,103.80264
S224,2.5942434508759558,4,1.34392,103.98409
S226,2.8586736976700635,4,1.27472,103.80389
S227,3.1742184532861226,4,1.43944,103.80389
S228,3.425873668203312,4,1.34703,103.70073
S229,3.2989628090652996,4,1.35167,103.72195
S230,3.1616094917469173,4,1.30167,103.76444
S24,2.7745953670051726,4,1.3678,103.9826
S33,3.2304566979429845,4,1.3081,103.71
S35,3.2966586109701574,4,1.3329,103.7556
S40,3.2731639282379517,4,1.4044,103.78962
S43,3.07285156595652,4,1.3399,103.8878
S44,3.3385250610844457,4,1.34583,103.68166
S50,3.306211600923507,4,1.3337,103.7768
S66,3.2324455141710517,4,1.4387,103.7363
S69,3.356788859128201,4,1.37,103.805
S71,3.2498156155204883,4,1.2923,103.7815
S77,3.0547132016439016,4,1.2937,103.8125
S78,2.911672508151769,4,1.30703,103.89067
S79,3.0556359453813324,4,1.3004,103.8372
S81,3.0758340097665373,4,1.4029,103.9092
S84,2.911412861502299,4,1.3437,103.9444
S88,3.2668579652133776,4,1.3427,103.8482
S89,3.19579509825702,4,1.31985,103.66162
S90,3.295787901003081,4,1.3191,103.8191
S900,3.185203422250559,4,1.41284,103.86922
S94,2.906857714575236,4,1.3662,103.9528
