year,station_id,aligned_timestamp,records,distinct_rainfall_values,min_rainfall,max_rainfall,first_original_ts,last_original_ts
2017,S07,2017-04-25 11:20:00+08:00,2,1,0.0,0.0,2017-04-25 11:19:59,2017-04-25 11:20:00
2017,S07,2017-04-25 11:25:00+08:00,2,1,0.0,0.0,2017-04-25 11:24:59,2017-04-25 11:25:00
2017,S08,2017-04-25 11:20:00+08:00,2,1,0.0,0.0,2017-04-25 11:19:59,2017-04-25 11:20:00
2017,S08,2017-04-25 11:25:00+08:00,2,1,0.0,0.0,2017-04-25 11:24:59,2017-04-25 11:25:00
2017,S100,2017-04-25 11:20:00+08:00,2,1,0.0,0.0,2017-04-25 11:19:59,2017-04-25 11:20:00
2017,S100,2017-04-25 11:25:00+08:00,2,1,0.0,0.0,2017-04-25 11:24:59,2017-04-25 11:25:00
2017,S101,2017-04-25 11:20:00+08:00,2,1,0.0,0.0,2017-04-25 11:19:59,2017-04-25 11:20:00
2017,S101,2017-04-25 11:25:00+08:00,2,1,0.0,0.0,2017-04-25 11:24:59,2017-04-25 11:25:00
2017,S102,2017-04-25 11:20:00+08:00,2,1,0.0,0.0,2017-04-25 11:19:59,2017-04-25 11:20:00
2017,S102,2017-04-25 11:25:00+08:00,2,1,0.0,0.0,2017-04-25 11:24:59,2017-04-25 11:25:00
2017,S104,2017-04-25 11:20:00+08:00,2,1,0.0,0.0,2017-04-25 11:19:59,2017-04-25 11:20:00
2017,S104,2017-04-25 11:25:00+08:00,2,1,0.0,0.0,2017-04-25 11:24:59,2017-04-25 11:25:00
2017,S106,2017-04-25 11:20:00+08:00,2,1,0.0,0.0,2017-04-25 11:19:59,2017-04-25 11:20:00
2017,S106,2017-04-25 11:25:00+08:00,2,1,0.0,0.0,2017-04-25 11:24:59,2017-04-25 11:25:00
2017,S108,2017-04-25 11:20:00+08:00,2,1,0.0,0.0,2017-04-25 11:19:59,2017-04-25 11:20:00
2017,S108,2017-04-25 11:25:00+08:00,2,1,0.0,0.0,2017-04-25 11:24:59,2017-04-25 11:25:00
2017,S109,2017-04-25 11:20:00+08:00,2,1,0.0,0.0,2017-04-25 11:19:59,2017-04-25 11:20:00
2017,S109,2017-04-25 11:25:00+08:00,2,1,0.0,0.0,2017-04-25 11:24:59,2017-04-25 11:25:00
2017,S11,2017-04-25 11:20:00+08:00,2,1,0.0,0.0,2017-04-25 11:19:59,2017-04-25 11:20:00
2017,S11,2017-04-25 11:25:00+08:00,2,1,0.0,0.0,2017-04-25 11:24:59,2017-04-25 11:25:00
2017,S112,2017-04-25 11:20:00+08:00,2,1,0.0,0.0,2017-04-25 11:19:59,2017-04-25 11:20:00
2017,S112,2017-04-25 11:25:00+08:00,2,1,0.0,0.0,2017-04-25 11:24:59,2017-04-25 11:25:00
2017,S113,2017-04-25 11:20:00+08:00,2,1,0.0,0.0,2017-04-25 11:19:59,2017-04-25 11:20:00
2017,S113,2017-04-25 11:25:00+08:00,2,1,0.0,0.0,2017-04-25 11:24:59,2017-04-25 11:25:00
2017,S114,2017-04-25 11:20:00+08:00,2,1,0.0,0.0,2017-04-25 11:19:59,2017-04-25 11:20:00
2017,S114,2017-04-25 11:25:00+08:00,2,1,0.0,0.0,2017-04-25 11:24:59,2017-04-25 11:25:00
2017,S115,2017-04-25 11:20:00+08:00,2,1,0.0,0.0,2017-04-25 11:19:59,2017-04-25 11:20:00
2017,S115,2017-04-25 11:25:00+08:00,2,1,0.0,0.0,2017-04-25 11:24:59,2017-04-25 11:25:00
2017,S116,2017-04-25 11:20:00+08:00,2,1,0.0,0.0,2017-04-25 11:19:59,2017-04-25 11:20:00
2017,S116,2017-04-25 11:25:00+08:00,2,1,0.0,0.0,2017-04-25 11:24:59,2017-04-25 11:25:00
2017,S117,2017-04-25 11:20:00+08:00,2,1,0.0,0.0,2017-04-25 11:19:59,2017-04-25 11:20:00
2017,S117,2017-04-25 11:25:00+08:00,2,1,0.0,0.0,2017-04-25 11:24:59,2017-04-25 11:25:00
2017,S119,2017-04-25 11:20:00+08:00,2,1,0.2,0.2,2017-04-25 11:19:59,2017-04-25 11:20:00
2017,S119,2017-04-25 11:25:00+08:00,2,1,0.2,0.2,2017-04-25 11:24:59,2017-04-25 11:25:00
2017,S120,2017-04-25 11:20:00+08:00,2,1,0.0,0.0,2017-04-25 11:19:59,2017-04-25 11:20:00
2017,S120,2017-04-25 11:25:00+08:00,2,1,0.0,0.0,2017-04-25 11:24:59,2017-04-25 11:25:00
2017,S122,2017-04-25 11:20:00+08:00,2,1,0.0,0.0,2017-04-25 11:19:59,2017-04-25 11:20:00
2017,S122,2017-04-25 11:25:00+08:00,2,1,0.0,0.0,2017-04-25 11:24:59,2017-04-25 11:25:00
2017,S123,2017-04-25 11:20:00+08:00,2,1,0.0,0.0,2017-04-25 11:19:59,2017-04-25 11:20:00
2017,S123,2017-04-25 11:25:00+08:00,2,1,0.0,0.0,2017-04-25 11:24:59,2017-04-25 11:25:00
2017,S24,2017-04-25 11:20:00+08:00,2,1,0.0,0.0,2017-04-25 11:19:59,2017-04-25 11:20:00
2017,S24,2017-04-25 11:25:00+08:00,2,1,0.0,0.0,2017-04-25 11:24:59,2017-04-25 11:25:00
2017,S29,2017-04-25 11:20:00+08:00,2,1,0.0,0.0,2017-04-25 11:19:59,2017-04-25 11:20:00
2017,S29,2017-04-25 11:25:00+08:00,2,1,0.0,0.0,2017-04-25 11:24:59,2017-04-25 11:25:00
2017,S33,2017-04-25 11:20:00+08:00,2,1,0.0,0.0,2017-04-25 11:19:59,2017-04-25 11:20:00
2017,S33,2017-04-25 11:25:00+08:00,2,1,1.4,1.4,2017-04-25 11:24:59,2017-04-25 11:25:00
2017,S35,2017-04-25 11:20:00+08:00,2,1,0.0,0.0,2017-04-25 11:19:59,2017-04-25 11:20:00
2017,S35,2017-04-25 11:25:00+08:00,2,1,0.0,0.0,2017-04-25 11:24:59,2017-04-25 11:25:00
2017,S43,2017-04-25 11:20:00+08:00,2,1,0.0,0.0,2017-04-25 11:19:59,2017-04-25 11:20:00
2017,S43,2017-04-25 11:25:00+08:00,2,1,0.0,0.0,2017-04-25 11:24:59,2017-04-25 11:25:00
2017,S46,2017-04-25 11:20:00+08:00,2,1,0.0,0.0,2017-04-25 11:19:59,2017-04-25 11:20:00
2017,S46,2017-04-25 11:25:00+08:00,2,1,0.0,0.0,2017-04-25 11:24:59,2017-04-25 11:25:00
2017,S50,2017-04-25 11:20:00+08:00,2,1,0.0,0.0,2017-04-25 11:19:59,2017-04-25 11:20:00
2017,S50,2017-04-25 11:25:00+08:00,2,1,0.0,0.0,2017-04-25 11:24:59,2017-04-25 11:25:00
2017,S55,2017-04-25 11:20:00+08:00,2,1,0.0,0.0,2017-04-25 11:19:59,2017-04-25 11:20:00
2017,S55,2017-04-25 11:25:00+08:00,2,1,0.0,0.0,2017-04-25 11:24:59,2017-04-25 11:25:00
2017,S61,2017-04-25 11:20:00+08:00,2,1,0.0,0.0,2017-04-25 11:19:59,2017-04-25 11:20:00
2017,S61,2017-04-25 11:25:00+08:00,2,1,0.0,0.0,2017-04-25 11:24:59,2017-04-25 11:25:00
2017,S63,2017-04-25 11:20:00+08:00,2,1,0.0,0.0,2017-04-25 11:19:59,2017-04-25 11:20:00
2017,S63,2017-04-25 11:25:00+08:00,2,1,0.0,0.0,2017-04-25 11:24:59,2017-04-25 11:25:00
2017,S64,2017-04-25 11:20:00+08:00,2,1,0.0,0.0,2017-04-25 11:19:59,2017-04-25 11:20:00
2017,S64,2017-04-25 11:25:00+08:00,2,1,0.0,0.0,2017-04-25 11:24:59,2017-04-25 11:25:00
2017,S66,2017-04-25 11:20:00+08:00,2,1,0.0,0.0,2017-04-25 11:19:59,2017-04-25 11:20:00
2017,S66,2017-04-25 11:25:00+08:00,2,1,0.0,0.0,2017-04-25 11:24:59,2017-04-25 11:25:00
2017,S71,2017-04-25 11:20:00+08:00,2,1,0.0,0.0,2017-04-25 11:19:59,2017-04-25 11:20:00
2017,S71,2017-04-25 11:25:00+08:00,2,1,0.0,0.0,2017-04-25 11:24:59,2017-04-25 11:25:00
2017,S77,2017-04-25 11:20:00+08:00,2,1,0.0,0.0,2017-04-25 11:19:59,2017-04-25 11:20:00
2017,S77,2017-04-25 11:25:00+08:00,2,1,0.0,0.0,2017-04-25 11:24:59,2017-04-25 11:25:00
2017,S78,2017-04-25 11:20:00+08:00,2,1,0.0,0.0,2017-04-25 11:19:59,2017-04-25 11:20:00
2017,S78,2017-04-25 11:25:00+08:00,2,1,0.0,0.0,2017-04-25 11:24:59,2017-04-25 11:25:00
2017,S79,2017-04-25 11:20:00+08:00,2,1,0.0,0.0,2017-04-25 11:19:59,2017-04-25 11:20:00
2017,S79,2017-04-25 11:25:00+08:00,2,1,0.0,0.0,2017-04-25 11:24:59,2017-04-25 11:25:00
2017,S81,2017-04-25 11:20:00+08:00,2,1,0.0,0.0,2017-04-25 11:19:59,2017-04-25 11:20:00
2017,S81,2017-04-25 11:25:00+08:00,2,1,0.0,0.0,2017-04-25 11:24:59,2017-04-25 11:25:00
2017,S84,2017-04-25 11:20:00+08:00,2,1,0.0,0.0,2017-04-25 11:19:59,2017-04-25 11:20:00
2017,S84,2017-04-25 11:25:00+08:00,2,1,0.0,0.0,2017-04-25 11:24:59,2017-04-25 11:25:00
2017,S88,2017-04-25 11:20:00+08:00,2,1,0.0,0.0,2017-04-25 11:19:59,2017-04-25 11:20:00
2017,S88,2017-04-25 11:25:00+08:00,2,1,0.0,0.0,2017-04-25 11:24:59,2017-04-25 11:25:00
2017,S89,2017-04-25 11:20:00+08:00,2,1,0.0,0.0,2017-04-25 11:19:59,2017-04-25 11:20:00
2017,S89,2017-04-25 11:25:00+08:00,2,1,0.0,0.0,2017-04-25 11:24:59,2017-04-25 11:25:00
2017,S900,2017-04-25 11:20:00+08:00,2,1,0.0,0.0,2017-04-25 11:19:59,2017-04-25 11:20:00
2017,S900,2017-04-25 11:25:00+08:00,2,1,0.0,0.0,2017-04-25 11:24:59,2017-04-25 11:25:00
2017,S92,2017-04-25 11:20:00+08:00,2,1,0.0,0.0,2017-04-25 11:19:59,2017-04-25 11:20:00
2017,S92,2017-04-25 11:25:00+08:00,2,1,0.0,0.0,2017-04-25 11:24:59,2017-04-25 11:25:00
2017,S94,2017-04-25 11:20:00+08:00,2,1,0.0,0.0,2017-04-25 11:19:59,2017-04-25 11:20:00
2017,S94,2017-04-25 11:25:00+08:00,2,1,0.0,0.0,2017-04-25 11:24:59,2017-04-25 11:25:00
