station_id,years_present,distinct_names,distinct_coordinate_pairs,names,coordinates
S06,"2017,2024",2,1,Paya Lebar | S06,"('1.3524', '103.9007')"
S07,"2017,2018,2019,2020,2021,2023,2024",1,1,Lornie Road,"('1.3415', '103.8334')"
S08,"2017,2018,2019,2020,2021,2022,2023,2024",1,1,Upper Thomson Road,"('1.3701', '103.8271')"
S100,"2017,2018,2019,2020,2021,2022,2023",1,1,Woodlands Road,"('1.4172', '103.74855')"
S101,"2017,2018",1,1,Corporation Road,"('1.35053', '103.7134')"
S102,"2017,2018,2022,2023,2024",1,1,Semakau Landfill,"('1.189', '103.768')"
S103,2017,1,1,Dairy Farm Road,"('1.364', '103.777')"
S104,"2017,2018,2019,2020,2021,2022,2023,2024",1,1,Woodlands Avenue 9,"('1.44387', '103.78538')"
S105,"2018,2019,2020",1,1,Admiralty Road West,"('1.45817', '103.79525')"
S106,"2017,2018,2019,2020,2021,2022,2023,2024",1,1,Pulau Ubin,"('1.4168', '103.9673')"
S107,"2017,2018,2019,2020,2021,2022,2023,2024",1,1,East Coast Parkway,"('1.3135', '103.9625')"
S108,"2017,2018,2019,2020,2021,2022,2023,2024",1,1,Marina Gardens Drive,"('1.2799', '103.8703')"
S109,"2017,2018,2019,2020,2021,2022,2023,2024",1,1,Ang Mo Kio Avenue 5,"('1.3764', '103.8492')"
S11,"2017,2018,2019,2020,2021",1,1,Choa Chu Kang Road,"('1.3746', '103.6938')"
S110,2017,1,1,Serangoon North Avenue 4,"('1.36061', '103.8697')"
S111,"2017,2018,2019,2020,2021,2022,2023,2024",1,1,Scotts Road,"('1.31055', '103.8365')"
S112,"2017,2018,2019,2020,2021,2022,2023,2024",1,1,Lim Chu Kang Road,"('1.43854', '103.70131')"
S113,"2017,2018,2019,2020,2021,2022,2023,2024",1,2,Marine Parade Road,"('1.30648', '103.9104') | ('1.30655', '103.91074')"
S114,"2017,2018,2019,2020,2021,2022,2023,2024",1,1,Choa Chu Kang Avenue 4,"('1.38', '103.73')"
S115,"2017,2018,2019,2020,2021,2022,2023,2024",1,1,Tuas South Avenue 3,"('1.29377', '103.61843')"
S116,"2017,2018,2019,2020,2021,2022,2023,2024",1,1,West Coast Highway,"('1.281', '103.754')"
S117,"2017,2018,2019,2020,2023,2024",1,1,Banyan Road,"('1.256', '103.679')"
S118,"2017,2018,2019,2020,2021,2022,2023,2024",1,1,Handy Road,"('1.2994', '103.8461')"
S119,"2017,2018,2019,2020,2021,2022,2023,2024",1,1,Nicoll Highway,"('1.30105', '103.8666')"
S120,"2017,2018,2019,2020,2021,2022,2023,2024",1,1,Holland Road,"('1.30874', '103.818')"
S121,"2017,2018,2019,2020,2021,2022,2023,2024",1,1,Old Choa Chu Kang Road,"('1.37288', '103.72244')"
S122,"2017,2018,2019,2020,2021",1,1,Sembawang Road,"('1.41731', '103.8249')"
S123,"2017,2018,2019,2020,2021,2022,2023,2024",1,1,Towner Road,"('1.3214', '103.8577')"
S201,"2020,2021,2022,2023,2024",2,1,Clementi Park | S201,"('1.32311', '103.76714')"
S202,"2020,2021,2022,2023",1,1,S202,"('1.30968', '103.7578')"
S203,"2020,2021,2022,2023,2024",2,1,Pasir Panjang | S203,"('1.29164', '103.7702')"
S204,"2020,2021,2022,2023",1,1,S204,"('1.40081', '103.88217')"
S205,"2020,2021,2022,2023",1,1,S205,"('1.38829', '103.9116')"
S207,"2020,2021,2022,2023,2024",2,1,Bedok Road | S207,"('1.32485', '103.95836')"
S208,"2020,2021,2022,2023,2024",2,1,Changi East Close | S208,"('1.3136', '104.00317')"
S209,"2020,2021,2022,2023,2024",2,1,S209 | Yishun Ring Road,"('1.42111', '103.84472')"
S210,"2020,2021,2022,2023,2024",2,1,S210 | Woodlands Centre,"('1.44003', '103.76904')"
S211,"2020,2021,2022,2023,2024",2,1,Kranji Road | S211,"('1.42918', '103.75711')"
S212,"2020,2021,2022,2023,2024",2,1,S212 | Tampines Avenue 9,"('1.31835', '103.93574')"
S213,"2020,2021,2022,2023,2024",2,1,Coronation Walk | S213,"('1.32427', '103.8097')"
S214,"2020,2021,2022,2023,2024",2,1,S214 | Tanjong Rhu,"('1.29911', '103.88289')"
S215,"2018,2019,2020,2021,2022,2023,2024",2,1,GEYLANG EAST CENTRAL | Geylang East Central,"('1.32785', '103.88899')"
S216,"2020,2021,2022,2023,2024",3,1,Ang Mo Kio Ave 10 | Ang Mo Kio Avenue 10 | S216,"('1.36019', '103.85335')"
S217,"2020,2021,2022,2023,2024",2,1,Bishan Street 13 | S217,"('1.35041', '103.85526')"
S218,"2020,2021,2022,2023,2024",2,1,Bukit Batok Street 34 | S218,"('1.36491', '103.75065')"
S219,"2020,2021,2022,2023,2024",2,1,S219 | Yio Chu Kang Road,"('1.37999', '103.87643')"
S220,"2020,2021,2022,2023,2024",2,1,Compassvale Lane | S220,"('1.38666', '103.89797')"
S221,"2020,2021,2022,2023,2024",2,1,Hougang Avenue 1 | S221,"('1.35691', '103.89088')"
S222,"2020,2021,2022,2023,2024",2,1,Henderson Road | S222,"('1.28987', '103.82364')"
S223,"2020,2021,2022,2023,2024",2,1,Margaret Drive | S223,"('1.29984', '103.80264')"
S224,"2020,2021,2022,2023,2024",2,1,Airport Boulevard | S224,"('1.34392', '103.98409')"
S226,"2020,2021,2022,2023,2024",2,1,Malan Road | S226,"('1.27472', '103.80389')"
S227,"2020,2021,2022,2023,2024",2,1,S227 | Woodlands Drive 62,"('1.43944', '103.80389')"
S228,"2020,2021,2022,2023,2024",2,1,Jurong West Street 73 | S228,"('1.34703', '103.70073')"
S229,"2020,2021,2022,2023,2024",2,1,Jurong West Street 42 | S229,"('1.35167', '103.72195')"
S230,"2020,2021,2022,2023,2024",2,1,S230 | West Coast Road,"('1.30167', '103.76444')"
S24,"2017,2018,2019,2020,2021,2022,2023,2024",1,1,Upper Changi Road North,"('1.3678', '103.9826')"
S24B,2017,1,1,Upper Changi Road North,"('1.3678', '103.998')"
S29,"2017,2018,2019,2020,2021,2024",1,1,Pasir Ris Drive 12,"('1.387', '103.935')"
S33,"2017,2018,2019,2020,2021,2022,2023,2024",1,1,Jurong Pier Road,"('1.3081', '103.71')"
S35,"2017,2018,2019,2020,2021,2022,2023,2024",1,1,Old Toh Tuck Road,"('1.3329', '103.7556')"
S36,"2017,2018,2019,2020,2021,2022,2023",1,1,Upper Serangoon Road,"('1.3382', '103.8657')"
S40,"2017,2018,2019,2020,2021,2022,2023,2024",1,1,Mandai Lake Road,"('1.4044', '103.78962')"
S43,"2017,2018,2019,2020,2021,2022,2023,2024",1,1,Kim Chuan Road,"('1.3399', '103.8878')"
S44,"2017,2018,2019,2020,2021,2022,2023,2024",1,1,Nanyang Avenue,"('1.34583', '103.68166')"
S46,"2017,2018,2019,2020",1,1,Sime Road,"('1.3416', '103.8106')"
S50,"2017,2018,2019,2020,2021,2022,2023,2024",1,1,Clementi Road,"('1.3337', '103.7768')"
S55,"2017,2018,2019",1,1,Buangkok Green,"('1.3837', '103.886')"
S60,"2017,2018,2019,2020,2021,2022,2023,2024",1,1,Sentosa,"('1.25', '103.8279')"
S61,"2017,2018,2019,2020,2021,2022,2023",1,1,Chai Chee Street,"('1.323', '103.9217')"
S63,2017,1,1,International Road,"('1.3275', '103.7042')"
S64,"2017,2018,2019,2020,2022,2023,2024",1,1,Bukit Panjang Road,"('1.3824', '103.7603')"
S66,"2017,2018,2019,2020,2021,2022,2023,2024",1,1,Kranji Way,"('1.4387', '103.7363')"
S69,"2017,2018,2019,2020,2021,2022,2023,2024",1,1,Upper Peirce Reservoir Park,"('1.37', '103.805')"
S71,"2017,2018,2019,2020,2021,2022,2023,2024",1,1,Kent Ridge Road,"('1.2923', '103.7815')"
S72,2017,1,1,Prince Edward Road,"('1.274', '103.8482')"
S77,"2017,2018,2019,2020,2021,2022,2023,2024",1,1,Alexandra Road,"('1.2937', '103.8125')"
S78,"2017,2018,2019,2020,2021,2022,2023,2024",1,1,Poole Road,"('1.30703', '103.89067')"
S79,"2017,2018,2019,2020,2021,2022,2023,2024",1,1,Somerset Road,"('1.3004', '103.8372')"
S81,"2017,2018,2019,2020,2021,2022,2023,2024",1,1,Punggol Central,"('1.4029', '103.9092')"
S82,"2017,2018,2019,2020,2021,2022",1,1,Tuas West Road,"('1.3247', '103.6351')"
S84,"2017,2018,2019,2020,2021,2022,2023,2024",1,1,Simei Avenue,"('1.3437', '103.9444')"
S88,"2017,2018,2019,2020,2021,2022,2023,2024",1,1,Toa Payoh North,"('1.3427', '103.8482')"
S89,"2017,2018,2019,2020,2021,2022,2023,2024",1,1,Tuas Road,"('1.31985', '103.66162')"
S90,"2017,2018,2019,2020,2021,2022,2023,2024",1,1,Bukit Timah Road,"('1.3191', '103.8191')"
S900,"2017,2018,2019,2020,2021,2022,2023,2024",1,1,Seletar Aerospace View,"('1.41284', '103.86922')"
S91,"2017,2018,2019,2020,2021,2023",1,1,Yishun Avenue 5,"('1.4301', '103.8308')"
S92,"2017,2018,2019,2020,2021,2024",1,1,South Buona Vista Road,"('1.2841', '103.7886')"
S94,"2017,2018,2019,2020,2021,2022,2023,2024",1,1,Pasir Ris Street 51,"('1.3662', '103.9528')"
S96,2017,1,1,Tanah Merah Coast Road,"('1.3175', '104.0307')"
S97,2017,1,1,Pioneer Sector 2,"('1.29389', '103.66407')"
