year,station_id,station_name,location_latitude,location_longitude,observations
2017,S44,Nanyang Avenue,1.34583,103.68166,82444
2017,S78,Poole Road,1.30703,103.89067,102599
2017,S06,S06,1.3524,103.9007,24507
2017,S84,Simei Avenue,1.3437,103.9444,96446
2017,S100,Woodlands Road,1.4172,103.74855,100415
2017,S90,Bukit Timah Road,1.3191,103.8191,98660
2017,S106,Pulau Ubin,1.4168,103.9673,87785
2017,S77,Alexandra Road,1.2937,103.8125,103151
2017,S114,Choa Chu Kang Avenue 4,1.38,103.73,101042
2017,S29,Pasir Ris Drive 12,1.387,103.935,99872
2017,S900,Seletar Aerospace View,1.41284,103.86922,99741
2017,S117,Banyan Road,1.256,103.679,100310
2017,S69,Upper Peirce Reservoir Park,1.37,103.805,95929
2017,S115,Tuas South Avenue 3,1.29377,103.61843,98690
2017,S24,Upper Changi Road North,1.3678,103.9826,100369
2017,S101,Corporation Road,1.35053,103.7134,94715
2017,S110,Serangoon North Avenue 4,1.36061,103.8697,27573
2017,S24B,Upper Changi Road North,1.3678,103.998,32648
2017,S60,Sentosa,1.25,103.8279,43377
2017,S72,Prince Edward Road,1.274,103.8482,33
2017,S61,Chai Chee Street,1.323,103.9217,103211
2017,S112,Lim Chu Kang Road,1.43854,103.70131,100454
2017,S07,Lornie Road,1.3415,103.8334,97289
2017,S96,Tanah Merah Coast Road,1.3175,104.0307,30633
2017,S63,International Road,1.3275,103.7042,93890
2017,S92,South Buona Vista Road,1.2841,103.7886,98651
2017,S50,Clementi Road,1.3337,103.7768,90014
2017,S120,Holland Road,1.30874,103.818,102184
2017,S81,Punggol Central,1.4029,103.9092,102398
2017,S91,Yishun Avenue 5,1.4301,103.8308,91077
2017,S35,Old Toh Tuck Road,1.3329,103.7556,102227
2017,S66,Kranji Way,1.4387,103.7363,98642
2017,S113,Marine Parade Road,1.30655,103.91074,32180
2017,S118,Handy Road,1.2994,103.8461,94766
2017,S104,Woodlands Avenue 9,1.44387,103.78538,81189
2017,S36,Upper Serangoon Road,1.3382,103.8657,76438
2017,S11,Choa Chu Kang Road,1.3746,103.6938,102872
2017,S71,Kent Ridge Road,1.2923,103.7815,95421
2017,S119,Nicoll Highway,1.30105,103.8666,100586
2017,S108,Marina Gardens Drive,1.2799,103.8703,87476
2017,S102,Semakau Landfill,1.189,103.768,91432
2017,S79,Somerset Road,1.3004,103.8372,101779
2017,S89,Tuas Road,1.31985,103.66162,95313
2017,S109,Ang Mo Kio Avenue 5,1.3764,103.8492,95842
2017,S43,Kim Chuan Road,1.3399,103.8878,99956
2017,S97,Pioneer Sector 2,1.29389,103.66407,6
2017,S107,East Coast Parkway,1.3135,103.9625,98641
2017,S33,Jurong Pier Road,1.3081,103.71,98131
2017,S40,Mandai Lake Road,1.4044,103.78962,100492
2017,S08,Upper Thomson Road,1.3701,103.8271,88879
2017,S55,Buangkok Green,1.3837,103.886,103328
2017,S121,Old Choa Chu Kang Road,1.37288,103.72244,89395
2017,S88,Toa Payoh North,1.3427,103.8482,101402
2017,S122,Sembawang Road,1.41731,103.8249,92480
2017,S46,Sime Road,1.3416,103.8106,99637
2017,S64,Bukit Panjang Road,1.3824,103.7603,103417
2017,S94,Pasir Ris Street 51,1.3662,103.9528,103022
2017,S116,West Coast Highway,1.281,103.754,102730
2017,S123,Towner Road,1.3214,103.8577,103159
2017,S103,Dairy Farm Road,1.364,103.777,45
2017,S113,Marine Parade Road,1.30648,103.9104,68753
2017,S111,Scotts Road,1.31055,103.8365,31545
2017,S82,Tuas West Road,1.3247,103.6351,14818
2018,S44,Nanyang Avenue,1.34583,103.68166,87682
2018,S78,Poole Road,1.30703,103.89067,87969
2018,S113,Marine Parade Road,1.30648,103.9104,87005
2018,S84,Simei Avenue,1.3437,103.9444,84327
2018,S100,Woodlands Road,1.4172,103.74855,82021
2018,S90,Bukit Timah Road,1.3191,103.8191,88261
2018,S106,Pulau Ubin,1.4168,103.9673,77073
2018,S77,Alexandra Road,1.2937,103.8125,88234
2018,S114,Choa Chu Kang Avenue 4,1.38,103.73,87928
2018,S29,Pasir Ris Drive 12,1.387,103.935,83571
2018,S900,Seletar Aerospace View,1.41284,103.86922,87074
2018,S117,Banyan Road,1.256,103.679,80163
2018,S69,Upper Peirce Reservoir Park,1.37,103.805,81615
2018,S115,Tuas South Avenue 3,1.29377,103.61843,84369
2018,S24,Upper Changi Road North,1.3678,103.9826,88145
2018,S60,Sentosa,1.25,103.8279,82740
2018,S101,Corporation Road,1.35053,103.7134,75244
2018,S61,Chai Chee Street,1.323,103.9217,87763
2018,S112,Lim Chu Kang Road,1.43854,103.70131,83280
2018,S07,Lornie Road,1.3415,103.8334,85559
2018,S111,Scotts Road,1.31055,103.8365,86481
2018,S92,South Buona Vista Road,1.2841,103.7886,85977
2018,S50,Clementi Road,1.3337,103.7768,82681
2018,S120,Holland Road,1.30874,103.818,87759
2018,S82,Tuas West Road,1.3247,103.6351,87614
2018,S81,Punggol Central,1.4029,103.9092,88248
2018,S91,Yishun Avenue 5,1.4301,103.8308,82710
2018,S35,Old Toh Tuck Road,1.3329,103.7556,83682
2018,S66,Kranji Way,1.4387,103.7363,80725
2018,S118,Handy Road,1.2994,103.8461,85821
2018,S104,Woodlands Avenue 9,1.44387,103.78538,77235
2018,S36,Upper Serangoon Road,1.3382,103.8657,67350
2018,S11,Choa Chu Kang Road,1.3746,103.6938,84768
2018,S71,Kent Ridge Road,1.2923,103.7815,80844
2018,S119,Nicoll Highway,1.30105,103.8666,84200
2018,S79,Somerset Road,1.3004,103.8372,86922
2018,S89,Tuas Road,1.31985,103.66162,88273
2018,S108,Marina Gardens Drive,1.2799,103.8703,67723
2018,S102,Semakau Landfill,1.189,103.768,50391
2018,S109,Ang Mo Kio Avenue 5,1.3764,103.8492,79812
2018,S43,Kim Chuan Road,1.3399,103.8878,86110
2018,S107,East Coast Parkway,1.3135,103.9625,86088
2018,S33,Jurong Pier Road,1.3081,103.71,85802
2018,S40,Mandai Lake Road,1.4044,103.78962,88271
2018,S08,Upper Thomson Road,1.3701,103.8271,86174
2018,S55,Buangkok Green,1.3837,103.886,88273
2018,S121,Old Choa Chu Kang Road,1.37288,103.72244,87626
2018,S88,Toa Payoh North,1.3427,103.8482,88250
2018,S122,Sembawang Road,1.41731,103.8249,83715
2018,S46,Sime Road,1.3416,103.8106,80573
2018,S64,Bukit Panjang Road,1.3824,103.7603,88265
2018,S94,Pasir Ris Street 51,1.3662,103.9528,88250
2018,S116,West Coast Highway,1.281,103.754,87535
2018,S123,Towner Road,1.3214,103.8577,88216
2018,S215,GEYLANG EAST CENTRAL,1.32785,103.88899,66099
2018,S105,Admiralty Road West,1.45817,103.79525,5760
2019,S44,Nanyang Avenue,1.34583,103.68166,99250
2019,S78,Poole Road,1.30703,103.89067,100977
2019,S113,Marine Parade Road,1.30648,103.9104,101174
2019,S100,Woodlands Road,1.4172,103.74855,98942
2019,S84,Simei Avenue,1.3437,103.9444,78449
2019,S90,Bukit Timah Road,1.3191,103.8191,101175
2019,S106,Pulau Ubin,1.4168,103.9673,95306
2019,S77,Alexandra Road,1.2937,103.8125,101179
2019,S114,Choa Chu Kang Avenue 4,1.38,103.73,91752
2019,S29,Pasir Ris Drive 12,1.387,103.935,100898
2019,S900,Seletar Aerospace View,1.41284,103.86922,100696
2019,S69,Upper Peirce Reservoir Park,1.37,103.805,76716
2019,S117,Banyan Road,1.256,103.679,97096
2019,S115,Tuas South Avenue 3,1.29377,103.61843,89136
2019,S24,Upper Changi Road North,1.3678,103.9826,100945
2019,S60,Sentosa,1.25,103.8279,96273
2019,S61,Chai Chee Street,1.323,103.9217,101144
2019,S112,Lim Chu Kang Road,1.43854,103.70131,91778
2019,S07,Lornie Road,1.3415,103.8334,98573
2019,S111,Scotts Road,1.31055,103.8365,100701
2019,S92,South Buona Vista Road,1.2841,103.7886,100501
2019,S50,Clementi Road,1.3337,103.7768,97643
2019,S120,Holland Road,1.30874,103.818,101177
2019,S82,Tuas West Road,1.3247,103.6351,100470
2019,S81,Punggol Central,1.4029,103.9092,101176
2019,S91,Yishun Avenue 5,1.4301,103.8308,52092
2019,S35,Old Toh Tuck Road,1.3329,103.7556,100588
2019,S66,Kranji Way,1.4387,103.7363,99174
2019,S118,Handy Road,1.2994,103.8461,98196
2019,S104,Woodlands Avenue 9,1.44387,103.78538,100433
2019,S36,Upper Serangoon Road,1.3382,103.8657,45367
2019,S11,Choa Chu Kang Road,1.3746,103.6938,94966
2019,S105,Admiralty Road West,1.45817,103.79525,101115
2019,S119,Nicoll Highway,1.30105,103.8666,99756
2019,S71,Kent Ridge Road,1.2923,103.7815,64822
2019,S108,Marina Gardens Drive,1.2799,103.8703,76742
2019,S79,Somerset Road,1.3004,103.8372,100752
2019,S89,Tuas Road,1.31985,103.66162,101164
2019,S43,Kim Chuan Road,1.3399,103.8878,99763
2019,S109,Ang Mo Kio Avenue 5,1.3764,103.8492,82164
2019,S107,East Coast Parkway,1.3135,103.9625,99712
2019,S33,Jurong Pier Road,1.3081,103.71,100610
2019,S40,Mandai Lake Road,1.4044,103.78962,100045
2019,S08,Upper Thomson Road,1.3701,103.8271,100824
2019,S55,Buangkok Green,1.3837,103.886,14816
2019,S121,Old Choa Chu Kang Road,1.37288,103.72244,98638
2019,S88,Toa Payoh North,1.3427,103.8482,101171
2019,S215,GEYLANG EAST CENTRAL,1.32785,103.88899,100684
2019,S122,Sembawang Road,1.41731,103.8249,90601
2019,S46,Sime Road,1.3416,103.8106,81997
2019,S64,Bukit Panjang Road,1.3824,103.7603,101161
2019,S94,Pasir Ris Street 51,1.3662,103.9528,101154
2019,S116,West Coast Highway,1.281,103.754,98379
2019,S123,Towner Road,1.3214,103.8577,96849
2020,S44,Nanyang Avenue,1.34583,103.68166,101150
2020,S78,Poole Road,1.30703,103.89067,101427
2020,S113,Marine Parade Road,1.30648,103.9104,101416
2020,S84,Simei Avenue,1.3437,103.9444,94069
2020,S100,Woodlands Road,1.4172,103.74855,100391
2020,S90,Bukit Timah Road,1.3191,103.8191,100601
2020,S106,Pulau Ubin,1.4168,103.9673,93224
2020,S77,Alexandra Road,1.2937,103.8125,101316
2020,S114,Choa Chu Kang Avenue 4,1.38,103.73,100002
2020,S29,Pasir Ris Drive 12,1.387,103.935,78574
2020,S900,Seletar Aerospace View,1.41284,103.86922,100131
2020,S117,Banyan Road,1.256,103.679,96621
2020,S69,Upper Peirce Reservoir Park,1.37,103.805,96265
2020,S115,Tuas South Avenue 3,1.29377,103.61843,97272
2020,S24,Upper Changi Road North,1.3678,103.9826,101345
2020,S60,Sentosa,1.25,103.8279,84971
2020,S61,Chai Chee Street,1.323,103.9217,101315
2020,S112,Lim Chu Kang Road,1.43854,103.70131,94137
2020,S07,Lornie Road,1.3415,103.8334,100091
2020,S111,Scotts Road,1.31055,103.8365,99828
2020,S92,South Buona Vista Road,1.2841,103.7886,99513
2020,S50,Clementi Road,1.3337,103.7768,101443
2020,S120,Holland Road,1.30874,103.818,101449
2020,S82,Tuas West Road,1.3247,103.6351,96861
2020,S81,Punggol Central,1.4029,103.9092,101427
2020,S91,Yishun Avenue 5,1.4301,103.8308,100887
2020,S35,Old Toh Tuck Road,1.3329,103.7556,96722
2020,S66,Kranji Way,1.4387,103.7363,100941
2020,S118,Handy Road,1.2994,103.8461,98981
2020,S104,Woodlands Avenue 9,1.44387,103.78538,101338
2020,S36,Upper Serangoon Road,1.3382,103.8657,20071
2020,S11,Choa Chu Kang Road,1.3746,103.6938,101443
2020,S105,Admiralty Road West,1.45817,103.79525,2134
2020,S71,Kent Ridge Road,1.2923,103.7815,99779
2020,S119,Nicoll Highway,1.30105,103.8666,99661
2020,S108,Marina Gardens Drive,1.2799,103.8703,86190
2020,S79,Somerset Road,1.3004,103.8372,100909
2020,S89,Tuas Road,1.31985,103.66162,101437
2020,S109,Ang Mo Kio Avenue 5,1.3764,103.8492,95029
2020,S43,Kim Chuan Road,1.3399,103.8878,101181
2020,S107,East Coast Parkway,1.3135,103.9625,98708
2020,S33,Jurong Pier Road,1.3081,103.71,101041
2020,S40,Mandai Lake Road,1.4044,103.78962,100410
2020,S08,Upper Thomson Road,1.3701,103.8271,101451
2020,S121,Old Choa Chu Kang Road,1.37288,103.72244,101378
2020,S88,Toa Payoh North,1.3427,103.8482,101465
2020,S215,GEYLANG EAST CENTRAL,1.32785,103.88899,99634
2020,S122,Sembawang Road,1.41731,103.8249,66402
2020,S46,Sime Road,1.3416,103.8106,93613
2020,S64,Bukit Panjang Road,1.3824,103.7603,6096
2020,S94,Pasir Ris Street 51,1.3662,103.9528,101443
2020,S116,West Coast Highway,1.281,103.754,96455
2020,S123,Towner Road,1.3214,103.8577,99544
2020,S211,S211,1.42918,103.75711,51322
2020,S214,S214,1.29911,103.88289,51594
2020,S229,S229,1.35167,103.72195,54448
2020,S217,S217,1.35041,103.85526,54466
2020,S222,S222,1.28987,103.82364,54466
2020,S219,S219,1.37999,103.87643,54392
2020,S224,S224,1.34392,103.98409,53007
2020,S220,S220,1.38666,103.89797,54466
2020,S201,S201,1.32311,103.76714,54466
2020,S230,S230,1.30167,103.76444,53313
2020,S227,S227,1.43944,103.80389,53467
2020,S202,S202,1.30968,103.7578,54466
2020,S205,S205,1.38829,103.9116,24938
2020,S207,S207,1.32485,103.95836,52746
2020,S208,S208,1.3136,104.00317,54466
2020,S226,S226,1.27472,103.80389,54466
2020,S204,S204,1.40081,103.88217,54466
2020,S203,S203,1.29164,103.7702,49298
2020,S209,S209,1.42111,103.84472,51659
2020,S210,S210,1.44003,103.76904,52175
2020,S228,S228,1.34703,103.70073,52462
2020,S216,S216,1.36019,103.85335,52694
2020,S218,S218,1.36491,103.75065,54465
2020,S223,S223,1.29984,103.80264,54187
2020,S212,S212,1.31835,103.93574,54466
2020,S213,S213,1.32427,103.8097,54466
2020,S221,S221,1.35691,103.89088,54464
2021,S44,Nanyang Avenue,1.34583,103.68166,103127
2021,S78,Poole Road,1.30703,103.89067,103749
2021,S211,S211,1.42918,103.75711,103797
2021,S113,Marine Parade Road,1.30648,103.9104,103731
2021,S214,S214,1.29911,103.88289,103080
2021,S229,S229,1.35167,103.72195,103537
2021,S84,Simei Avenue,1.3437,103.9444,103265
2021,S100,Woodlands Road,1.4172,103.74855,101066
2021,S90,Bukit Timah Road,1.3191,103.8191,103773
2021,S106,Pulau Ubin,1.4168,103.9673,96029
2021,S217,S217,1.35041,103.85526,103281
2021,S77,Alexandra Road,1.2937,103.8125,103241
2021,S114,Choa Chu Kang Avenue 4,1.38,103.73,97998
2021,S29,Pasir Ris Drive 12,1.387,103.935,96
2021,S900,Seletar Aerospace View,1.41284,103.86922,103531
2021,S222,S222,1.28987,103.82364,103797
2021,S69,Upper Peirce Reservoir Park,1.37,103.805,101090
2021,S115,Tuas South Avenue 3,1.29377,103.61843,100860
2021,S24,Upper Changi Road North,1.3678,103.9826,103681
2021,S219,S219,1.37999,103.87643,103789
2021,S60,Sentosa,1.25,103.8279,96
2021,S61,Chai Chee Street,1.323,103.9217,96
2021,S112,Lim Chu Kang Road,1.43854,103.70131,103500
2021,S07,Lornie Road,1.3415,103.8334,32
2021,S224,S224,1.34392,103.98409,103701
2021,S220,S220,1.38666,103.89797,103797
2021,S111,Scotts Road,1.31055,103.8365,101877
2021,S201,S201,1.32311,103.76714,103797
2021,S230,S230,1.30167,103.76444,103797
2021,S92,South Buona Vista Road,1.2841,103.7886,1419
2021,S50,Clementi Road,1.3337,103.7768,100955
2021,S120,Holland Road,1.30874,103.818,103763
2021,S227,S227,1.43944,103.80389,103797
2021,S82,Tuas West Road,1.3247,103.6351,101760
2021,S81,Punggol Central,1.4029,103.9092,103772
2021,S91,Yishun Avenue 5,1.4301,103.8308,19701
2021,S35,Old Toh Tuck Road,1.3329,103.7556,89290
2021,S66,Kranji Way,1.4387,103.7363,100693
2021,S202,S202,1.30968,103.7578,102593
2021,S205,S205,1.38829,103.9116,103797
2021,S207,S207,1.32485,103.95836,103797
2021,S208,S208,1.3136,104.00317,103791
2021,S118,Handy Road,1.2994,103.8461,103088
2021,S226,S226,1.27472,103.80389,101970
2021,S104,Woodlands Avenue 9,1.44387,103.78538,94726
2021,S204,S204,1.40081,103.88217,103326
2021,S36,Upper Serangoon Road,1.3382,103.8657,15589
2021,S203,S203,1.29164,103.7702,103797
2021,S11,Choa Chu Kang Road,1.3746,103.6938,88144
2021,S71,Kent Ridge Road,1.2923,103.7815,103263
2021,S119,Nicoll Highway,1.30105,103.8666,97804
2021,S108,Marina Gardens Drive,1.2799,103.8703,103774
2021,S79,Somerset Road,1.3004,103.8372,103258
2021,S89,Tuas Road,1.31985,103.66162,103767
2021,S109,Ang Mo Kio Avenue 5,1.3764,103.8492,100756
2021,S43,Kim Chuan Road,1.3399,103.8878,103768
2021,S209,S209,1.42111,103.84472,103252
2021,S210,S210,1.44003,103.76904,103797
2021,S107,East Coast Parkway,1.3135,103.9625,102982
2021,S33,Jurong Pier Road,1.3081,103.71,102229
2021,S40,Mandai Lake Road,1.4044,103.78962,103776
2021,S08,Upper Thomson Road,1.3701,103.8271,102991
2021,S121,Old Choa Chu Kang Road,1.37288,103.72244,102558
2021,S228,S228,1.34703,103.70073,103450
2021,S88,Toa Payoh North,1.3427,103.8482,103745
2021,S215,GEYLANG EAST CENTRAL,1.32785,103.88899,103793
2021,S216,S216,1.36019,103.85335,103783
2021,S122,Sembawang Road,1.41731,103.8249,49049
2021,S94,Pasir Ris Street 51,1.3662,103.9528,103771
2021,S116,West Coast Highway,1.281,103.754,103783
2021,S218,S218,1.36491,103.75065,103732
2021,S223,S223,1.29984,103.80264,103797
2021,S123,Towner Road,1.3214,103.8577,100781
2021,S212,S212,1.31835,103.93574,103459
2021,S213,S213,1.32427,103.8097,102752
2021,S221,S221,1.35691,103.89088,103797
2022,S44,Nanyang Avenue,1.34583,103.68166,104682
2022,S78,Poole Road,1.30703,103.89067,104938
2022,S211,S211,1.42918,103.75711,104799
2022,S113,Marine Parade Road,1.30648,103.9104,104891
2022,S214,S214,1.29911,103.88289,104950
2022,S229,S229,1.35167,103.72195,104949
2022,S84,Simei Avenue,1.3437,103.9444,104291
2022,S100,Woodlands Road,1.4172,103.74855,104409
2022,S90,Bukit Timah Road,1.3191,103.8191,104857
2022,S217,S217,1.35041,103.85526,104938
2022,S106,Pulau Ubin,1.4168,103.9673,103370
2022,S77,Alexandra Road,1.2937,103.8125,104935
2022,S114,Choa Chu Kang Avenue 4,1.38,103.73,104961
2022,S900,Seletar Aerospace View,1.41284,103.86922,104429
2022,S222,S222,1.28987,103.82364,104951
2022,S69,Upper Peirce Reservoir Park,1.37,103.805,104333
2022,S115,Tuas South Avenue 3,1.29377,103.61843,102478
2022,S24,Upper Changi Road North,1.3678,103.9826,104842
2022,S219,S219,1.37999,103.87643,104651
2022,S112,Lim Chu Kang Road,1.43854,103.70131,104879
2022,S224,S224,1.34392,103.98409,104951
2022,S220,S220,1.38666,103.89797,104946
2022,S111,Scotts Road,1.31055,103.8365,102896
2022,S201,S201,1.32311,103.76714,104951
2022,S230,S230,1.30167,103.76444,104952
2022,S50,Clementi Road,1.3337,103.7768,104715
2022,S120,Holland Road,1.30874,103.818,103674
2022,S227,S227,1.43944,103.80389,104946
2022,S82,Tuas West Road,1.3247,103.6351,93235
2022,S81,Punggol Central,1.4029,103.9092,104959
2022,S35,Old Toh Tuck Road,1.3329,103.7556,96769
2022,S66,Kranji Way,1.4387,103.7363,103868
2022,S202,S202,1.30968,103.7578,104952
2022,S205,S205,1.38829,103.9116,104952
2022,S207,S207,1.32485,103.95836,104952
2022,S208,S208,1.3136,104.00317,104946
2022,S118,Handy Road,1.2994,103.8461,104424
2022,S226,S226,1.27472,103.80389,104950
2022,S104,Woodlands Avenue 9,1.44387,103.78538,103186
2022,S204,S204,1.40081,103.88217,104952
2022,S36,Upper Serangoon Road,1.3382,103.8657,39605
2022,S203,S203,1.29164,103.7702,104951
2022,S71,Kent Ridge Road,1.2923,103.7815,104710
2022,S119,Nicoll Highway,1.30105,103.8666,103017
2022,S108,Marina Gardens Drive,1.2799,103.8703,99655
2022,S79,Somerset Road,1.3004,103.8372,104094
2022,S89,Tuas Road,1.31985,103.66162,104937
2022,S109,Ang Mo Kio Avenue 5,1.3764,103.8492,100199
2022,S43,Kim Chuan Road,1.3399,103.8878,104245
2022,S209,S209,1.42111,103.84472,104949
2022,S210,S210,1.44003,103.76904,103138
2022,S107,East Coast Parkway,1.3135,103.9625,104744
2022,S33,Jurong Pier Road,1.3081,103.71,103272
2022,S40,Mandai Lake Road,1.4044,103.78962,104226
2022,S08,Upper Thomson Road,1.3701,103.8271,104857
2022,S121,Old Choa Chu Kang Road,1.37288,103.72244,99808
2022,S228,S228,1.34703,103.70073,104952
2022,S88,Toa Payoh North,1.3427,103.8482,104903
2022,S215,GEYLANG EAST CENTRAL,1.32785,103.88899,104953
2022,S216,S216,1.36019,103.85335,104950
2022,S94,Pasir Ris Street 51,1.3662,103.9528,104928
2022,S116,West Coast Highway,1.281,103.754,101629
2022,S218,S218,1.36491,103.75065,104931
2022,S223,S223,1.29984,103.80264,104936
2022,S123,Towner Road,1.3214,103.8577,104338
2022,S212,S212,1.31835,103.93574,104461
2022,S213,S213,1.32427,103.8097,104947
2022,S221,S221,1.35691,103.89088,104947
2022,S60,Sentosa,1.25,103.8279,34493
2022,S61,Chai Chee Street,1.323,103.9217,33802
2022,S64,Bukit Panjang Road,1.3824,103.7603,35485
2022,S102,Semakau Landfill,1.189,103.768,20459
2023,S44,Nanyang Avenue,1.34583,103.68166,86749
2023,S78,Poole Road,1.30703,103.89067,101720
2023,S211,S211,1.42918,103.75711,102015
2023,S113,Marine Parade Road,1.30648,103.9104,101942
2023,S214,S214,1.29911,103.88289,102015
2023,S229,S229,1.35167,103.72195,102015
2023,S84,Simei Avenue,1.3437,103.9444,97594
2023,S100,Woodlands Road,1.4172,103.74855,33990
2023,S90,Bukit Timah Road,1.3191,103.8191,102007
2023,S106,Pulau Ubin,1.4168,103.9673,52339
2023,S217,S217,1.35041,103.85526,102013
2023,S77,Alexandra Road,1.2937,103.8125,102010
2023,S114,Choa Chu Kang Avenue 4,1.38,103.73,101719
2023,S900,Seletar Aerospace View,1.41284,103.86922,101695
2023,S222,S222,1.28987,103.82364,102014
2023,S69,Upper Peirce Reservoir Park,1.37,103.805,101673
2023,S117,Banyan Road,1.256,103.679,94424
2023,S115,Tuas South Avenue 3,1.29377,103.61843,97259
2023,S24,Upper Changi Road North,1.3678,103.9826,94940
2023,S219,S219,1.37999,103.87643,102007
2023,S60,Sentosa,1.25,103.8279,99489
2023,S61,Chai Chee Street,1.323,103.9217,18740
2023,S112,Lim Chu Kang Road,1.43854,103.70131,100757
2023,S224,S224,1.34392,103.98409,102015
2023,S220,S220,1.38666,103.89797,102013
2023,S111,Scotts Road,1.31055,103.8365,95324
2023,S201,S201,1.32311,103.76714,101976
2023,S230,S230,1.30167,103.76444,102015
2023,S50,Clementi Road,1.3337,103.7768,101941
2023,S120,Holland Road,1.30874,103.818,101981
2023,S227,S227,1.43944,103.80389,102015
2023,S81,Punggol Central,1.4029,103.9092,102007
2023,S35,Old Toh Tuck Road,1.3329,103.7556,101720
2023,S66,Kranji Way,1.4387,103.7363,101559
2023,S202,S202,1.30968,103.7578,14153
2023,S205,S205,1.38829,103.9116,82067
2023,S207,S207,1.32485,103.95836,102011
2023,S208,S208,1.3136,104.00317,102010
2023,S118,Handy Road,1.2994,103.8461,100627
2023,S226,S226,1.27472,103.80389,102003
2023,S104,Woodlands Avenue 9,1.44387,103.78538,101914
2023,S204,S204,1.40081,103.88217,82693
2023,S36,Upper Serangoon Road,1.3382,103.8657,6217
2023,S203,S203,1.29164,103.7702,102015
2023,S71,Kent Ridge Road,1.2923,103.7815,102006
2023,S119,Nicoll Highway,1.30105,103.8666,101945
2023,S108,Marina Gardens Drive,1.2799,103.8703,33928
2023,S102,Semakau Landfill,1.189,103.768,12741
2023,S79,Somerset Road,1.3004,103.8372,101128
2023,S89,Tuas Road,1.31985,103.66162,101370
2023,S109,Ang Mo Kio Avenue 5,1.3764,103.8492,93470
2023,S43,Kim Chuan Road,1.3399,103.8878,101549
2023,S209,S209,1.42111,103.84472,101103
2023,S210,S210,1.44003,103.76904,102014
2023,S107,East Coast Parkway,1.3135,103.9625,101620
2023,S33,Jurong Pier Road,1.3081,103.71,89283
2023,S40,Mandai Lake Road,1.4044,103.78962,99945
2023,S08,Upper Thomson Road,1.3701,103.8271,101813
2023,S121,Old Choa Chu Kang Road,1.37288,103.72244,99997
2023,S228,S228,1.34703,103.70073,102015
2023,S88,Toa Payoh North,1.3427,103.8482,100901
2023,S215,GEYLANG EAST CENTRAL,1.32785,103.88899,101375
2023,S216,S216,1.36019,103.85335,102013
2023,S64,Bukit Panjang Road,1.3824,103.7603,102005
2023,S94,Pasir Ris Street 51,1.3662,103.9528,102005
2023,S116,West Coast Highway,1.281,103.754,95510
2023,S218,S218,1.36491,103.75065,101978
2023,S223,S223,1.29984,103.80264,102015
2023,S123,Towner Road,1.3214,103.8577,101101
2023,S212,S212,1.31835,103.93574,102015
2023,S213,S213,1.32427,103.8097,102014
2023,S221,S221,1.35691,103.89088,102009
2023,S91,Yishun Avenue 5,1.4301,103.8308,1
2023,S07,Lornie Road,1.3415,103.8334,70619
2024,S44,Nanyang Avenue,1.34583,103.68166,94894
2024,S78,Poole Road,1.30703,103.89067,103617
2024,S211,S211,1.42918,103.75711,56101
2024,S113,Marine Parade Road,1.30648,103.9104,100691
2024,S214,S214,1.29911,103.88289,57447
2024,S229,S229,1.35167,103.72195,57448
2024,S84,Simei Avenue,1.3437,103.9444,102069
2024,S90,Bukit Timah Road,1.3191,103.8191,102547
2024,S217,S217,1.35041,103.85526,57446
2024,S77,Alexandra Road,1.2937,103.8125,103474
2024,S114,Choa Chu Kang Avenue 4,1.38,103.73,92569
2024,S900,Seletar Aerospace View,1.41284,103.86922,103948
2024,S117,Banyan Road,1.256,103.679,100037
2024,S222,S222,1.28987,103.82364,57449
2024,S69,Upper Peirce Reservoir Park,1.37,103.805,98410
2024,S115,Tuas South Avenue 3,1.29377,103.61843,101418
2024,S24,Upper Changi Road North,1.3678,103.9826,104716
2024,S219,S219,1.37999,103.87643,57448
2024,S60,Sentosa,1.25,103.8279,94047
2024,S112,Lim Chu Kang Road,1.43854,103.70131,84894
2024,S07,Lornie Road,1.3415,103.8334,102540
2024,S224,S224,1.34392,103.98409,57447
2024,S220,S220,1.38666,103.89797,57447
2024,S111,Scotts Road,1.31055,103.8365,103201
2024,S201,S201,1.32311,103.76714,57444
2024,S230,S230,1.30167,103.76444,57449
2024,S50,Clementi Road,1.3337,103.7768,104795
2024,S120,Holland Road,1.30874,103.818,31381
2024,S227,S227,1.43944,103.80389,57435
2024,S81,Punggol Central,1.4029,103.9092,104394
2024,S35,Old Toh Tuck Road,1.3329,103.7556,104750
2024,S66,Kranji Way,1.4387,103.7363,101019
2024,S207,S207,1.32485,103.95836,56702
2024,S208,S208,1.3136,104.00317,57446
2024,S118,Handy Road,1.2994,103.8461,2413
2024,S226,S226,1.27472,103.80389,56418
2024,S104,Woodlands Avenue 9,1.44387,103.78538,102042
2024,S203,S203,1.29164,103.7702,57445
2024,S71,Kent Ridge Road,1.2923,103.7815,100923
2024,S119,Nicoll Highway,1.30105,103.8666,104287
2024,S79,Somerset Road,1.3004,103.8372,91402
2024,S89,Tuas Road,1.31985,103.66162,103787
2024,S109,Ang Mo Kio Avenue 5,1.3764,103.8492,103495
2024,S43,Kim Chuan Road,1.3399,103.8878,104436
2024,S209,S209,1.42111,103.84472,57324
2024,S210,S210,1.44003,103.76904,55665
2024,S107,East Coast Parkway,1.3135,103.9625,102038
2024,S33,Jurong Pier Road,1.3081,103.71,99049
2024,S40,Mandai Lake Road,1.4044,103.78962,98222
2024,S08,Upper Thomson Road,1.3701,103.8271,100583
2024,S121,Old Choa Chu Kang Road,1.37288,103.72244,100586
2024,S228,S228,1.34703,103.70073,57450
2024,S88,Toa Payoh North,1.3427,103.8482,102054
2024,S215,GEYLANG EAST CENTRAL,1.32785,103.88899,47723
2024,S216,S216,1.36019,103.85335,57445
2024,S64,Bukit Panjang Road,1.3824,103.7603,104378
2024,S94,Pasir Ris Street 51,1.3662,103.9528,95726
2024,S116,West Coast Highway,1.281,103.754,97235
2024,S218,S218,1.36491,103.75065,57445
2024,S223,S223,1.29984,103.80264,55569
2024,S123,Towner Road,1.3214,103.8577,77942
2024,S212,S212,1.31835,103.93574,57447
2024,S213,S213,1.32427,103.8097,57446
2024,S221,S221,1.35691,103.89088,57446
2024,S108,Marina Gardens Drive,1.2799,103.8703,51263
2024,S102,Semakau Landfill,1.189,103.768,6569
2024,S216,Ang Mo Kio Ave 10,1.36019,103.85335,1
2024,S201,Clementi Park,1.32311,103.76714,47649
2024,S216,Ang Mo Kio Avenue 10,1.36019,103.85335,47652
2024,S220,Compassvale Lane,1.38666,103.89797,47638
2024,S210,Woodlands Centre,1.44003,103.76904,47641
2024,S230,West Coast Road,1.30167,103.76444,47652
2024,S215,Geylang East Central,1.32785,103.88899,47655
2024,S221,Hougang Avenue 1,1.35691,103.89088,47610
2024,S229,Jurong West Street 42,1.35167,103.72195,47648
2024,S224,Airport Boulevard,1.34392,103.98409,47629
2024,S208,Changi East Close,1.3136,104.00317,47638
2024,S211,Kranji Road,1.42918,103.75711,47585
2024,S212,Tampines Avenue 9,1.31835,103.93574,5056
2024,S223,Margaret Drive,1.29984,103.80264,47633
2024,S227,Woodlands Drive 62,1.43944,103.80389,47654
2024,S219,Yio Chu Kang Road,1.37999,103.87643,47652
2024,S228,Jurong West Street 73,1.34703,103.70073,47653
2024,S207,Bedok Road,1.32485,103.95836,47657
2024,S222,Henderson Road,1.28987,103.82364,47586
2024,S209,Yishun Ring Road,1.42111,103.84472,47654
2024,S214,Tanjong Rhu,1.29911,103.88289,47654
2024,S217,Bishan Street 13,1.35041,103.85526,47606
2024,S226,Malan Road,1.27472,103.80389,47447
2024,S213,Coronation Walk,1.32427,103.8097,47133
2024,S203,Pasir Panjang,1.29164,103.7702,42562
2024,S218,Bukit Batok Street 34,1.36491,103.75065,47653
2024,S106,Pulau Ubin,1.4168,103.9673,15654
2024,S29,Pasir Ris Drive 12,1.387,103.935,15655
2024,S92,South Buona Vista Road,1.2841,103.7886,9346
2024,S06,Paya Lebar,1.3524,103.9007,15634
